Date,Close,Index,Month,Returns (%)
1985-02-01,181.17999267578125,S&P 500,February,0.8628779996860514
1985-03-01,180.66000366210938,S&P 500,March,-0.28700134379759934
1985-04-01,179.8300018310547,S&P 500,April,-0.4594275513284285
1985-05-01,189.5500030517578,S&P 500,May,5.405105444993996
1985-06-01,191.85000610351562,S&P 500,June,1.2134017487352766
1985-07-01,190.9199981689453,S&P 500,July,-0.48475783423665986
1985-08-01,188.6300048828125,S&P 500,August,-1.1994517641396585
1985-09-01,182.0800018310547,S&P 500,September,-3.472407826012114
1985-10-01,189.82000732421875,S&P 500,October,4.250881708769816
1985-11-01,202.1699981689453,S&P 500,November,6.506158659888994
1985-12-01,211.27999877929688,S&P 500,December,4.506109063095853
1986-01-01,211.77999877929688,S&P 500,January,0.23665278440403448
1986-02-01,226.9199981689453,S&P 500,February,7.148927885973944
1986-03-01,238.89999389648438,S&P 500,March,5.279391778691878
1986-04-01,235.52000427246094,S&P 500,April,-1.4148136083619978
1986-05-01,247.35000610351562,S&P 500,May,5.022928675463656
1986-06-01,250.83999633789062,S&P 500,June,1.4109521521153523
1986-07-01,236.1199951171875,S&P 500,July,-5.868283142882347
1986-08-01,252.92999267578125,S&P 500,August,7.119260505765657
1986-09-01,231.32000732421875,S&P 500,September,-8.54386034765885
1986-10-01,243.97999572753906,S&P 500,October,5.47293273494327
1986-11-01,249.22000122070312,S&P 500,November,2.147719315076868
1986-12-01,242.1699981689453,S&P 500,December,-2.828827147590973
1987-01-01,274.0799865722656,S&P 500,January,13.176689368870086
1987-02-01,284.20001220703125,S&P 500,February,3.6923621317010324
1987-03-01,291.70001220703125,S&P 500,March,2.638986515783981
1987-04-01,288.3599853515625,S&P 500,April,-1.1450211572491154
1987-05-01,290.1000061035156,S&P 500,May,0.6034196283620119
1987-06-01,304.0,S&P 500,June,4.791449018971927
1987-07-01,318.6600036621094,S&P 500,July,4.8223696256938675
1987-08-01,329.79998779296875,S&P 500,August,3.4958840151999793
1987-09-01,321.8299865722656,S&P 500,September,-2.41661659057012
1987-10-01,251.7899932861328,S&P 500,October,-21.763041421998008
1987-11-01,230.3000030517578,S&P 500,November,-8.53488653536516
1987-12-01,247.0800018310547,S&P 500,December,7.286147875354443
1988-01-01,257.07000732421875,S&P 500,January,4.043227059709542
1988-02-01,267.82000732421875,S&P 500,February,4.181740262854561
1988-03-01,258.8900146484375,S&P 500,March,-3.334326201018556
1988-04-01,261.3299865722656,S&P 500,April,0.9424743272317793
1988-05-01,262.1600036621094,S&P 500,May,0.3176126477985486
1988-06-01,273.5,S&P 500,June,4.325601228060116
1988-07-01,272.0199890136719,S&P 500,July,-0.5411374721492224
1988-08-01,261.5199890136719,S&P 500,August,-3.860010449258666
1988-09-01,271.9100036621094,S&P 500,September,3.972933268934309
1988-10-01,278.9700012207031,S&P 500,October,2.59644642106176
1988-11-01,273.70001220703125,S&P 500,November,-1.8890880706211144
1988-12-01,277.7200012207031,S&P 500,December,1.4687573381001906
1989-01-01,297.4700012207031,S&P 500,January,7.111479156412925
1989-02-01,288.8599853515625,S&P 500,February,-2.894414843113058
1989-03-01,294.8699951171875,S&P 500,March,2.0805961609083434
1989-04-01,309.6400146484375,S&P 500,April,5.008993717851862
1989-05-01,320.5199890136719,S&P 500,May,3.5137494672926595
1989-06-01,317.9800109863281,S&P 500,June,-0.7924554206930945
1989-07-01,346.0799865722656,S&P 500,July,8.837025792525587
1989-08-01,351.45001220703125,S&P 500,August,1.551671822445666
1989-09-01,349.1499938964844,S&P 500,September,-0.6544368276168888
1989-10-01,340.3599853515625,S&P 500,October,-2.517545094824758
1989-11-01,345.989990234375,S&P 500,November,1.6541324259951473
1989-12-01,353.3999938964844,S&P 500,December,2.1416815142801804
1990-01-01,329.0799865722656,S&P 500,January,-6.881722621461728
1990-02-01,331.8900146484375,S&P 500,February,0.8539042758088922
1990-03-01,339.94000244140625,S&P 500,March,2.4254986404143253
1990-04-01,330.79998779296875,S&P 500,April,-2.688714062127162
1990-05-01,361.2300109863281,S&P 500,May,9.198919079889457
1990-06-01,358.0199890136719,S&P 500,June,-0.8886365681221697
1990-07-01,356.1499938964844,S&P 500,July,-0.5223158411739148
1990-08-01,322.55999755859375,S&P 500,August,-9.431418479162911
1990-09-01,306.04998779296875,S&P 500,September,-5.1184306456431905
1990-10-01,304.0,S&P 500,October,-0.6698212301042394
1990-11-01,322.2200012207031,S&P 500,November,5.993421454178649
1990-12-01,330.2200012207031,S&P 500,December,2.482775733875209
1991-01-01,343.92999267578125,S&P 500,January,4.15177499981747
1991-02-01,367.07000732421875,S&P 500,February,6.728117681278034
1991-03-01,375.2200012207031,S&P 500,March,2.2202832522042026
1991-04-01,375.3399963378906,S&P 500,April,0.03197993624997064
1991-05-01,389.8299865722656,S&P 500,May,3.8604972493607503
1991-06-01,371.1600036621094,S&P 500,June,-4.789262897479862
1991-07-01,387.80999755859375,S&P 500,July,4.485934295776639
1991-08-01,395.42999267578125,S&P 500,August,1.9648784624321625
1991-09-01,387.8599853515625,S&P 500,September,-1.9143735843086374
1991-10-01,392.45001220703125,S&P 500,October,1.1834236654519215
1991-11-01,375.2200012207031,S&P 500,November,-4.390370862630699
1991-12-01,417.0899963378906,S&P 500,December,11.15878550742815
1992-01-01,408.7799987792969,S&P 500,January,-1.9923751783923582
1992-02-01,412.70001220703125,S&P 500,February,0.958954312696414
1992-03-01,403.69000244140625,S&P 500,March,-2.183186212532784
1992-04-01,414.95001220703125,S&P 500,April,2.7892713957560433
1992-05-01,415.3500061035156,S&P 500,May,0.09639568254424802
1992-06-01,408.1400146484375,S&P 500,June,-1.7358833150663777
1992-07-01,424.2099914550781,S&P 500,July,3.9373686063305824
1992-08-01,414.0299987792969,S&P 500,August,-2.399753160189122
1992-09-01,417.79998779296875,S&P 500,September,0.9105593857418715
1992-10-01,418.67999267578125,S&P 500,October,0.2106282691536565
1992-11-01,431.3500061035156,S&P 500,November,3.026180770368403
1992-12-01,435.7099914550781,S&P 500,December,1.0107766987062838
1993-01-01,438.7799987792969,S&P 500,January,0.7045987892006611
1993-02-01,443.3800048828125,S&P 500,February,1.0483627595407663
1993-03-01,451.6700134277344,S&P 500,March,1.8697299051888772
1993-04-01,440.19000244140625,S&P 500,April,-2.541681016015662
1993-05-01,450.19000244140625,S&P 500,May,2.271746278774489
1993-06-01,450.5299987792969,S&P 500,June,0.07552285391652092
1993-07-01,448.1300048828125,S&P 500,July,-0.532704570835929
1993-08-01,463.55999755859375,S&P 500,August,3.4431956145887233
1993-09-01,458.92999267578125,S&P 500,September,-0.9987930164805148
1993-10-01,467.8299865722656,S&P 500,October,1.9392922751884534
1993-11-01,461.7900085449219,S&P 500,November,-1.291062608362914
1993-12-01,466.45001220703125,S&P 500,December,1.0091174724184304
1994-01-01,481.6099853515625,S&P 500,January,3.2500745519977725
1994-02-01,467.1400146484375,S&P 500,February,-3.004499728667853
1994-03-01,445.7699890136719,S&P 500,March,-4.574651060635082
1994-04-01,450.9100036621094,S&P 500,April,1.1530643100964522
1994-05-01,456.5,S&P 500,May,1.2397144202814125
1994-06-01,444.2699890136719,S&P 500,June,-2.679082362832008
1994-07-01,458.260009765625,S&P 500,July,3.1489907258900107
1994-08-01,475.489990234375,S&P 500,August,3.7598699649926237
1994-09-01,462.7099914550781,S&P 500,September,-2.6877534841474704
1994-10-01,472.3500061035156,S&P 500,October,2.0833815622011143
1994-11-01,453.69000244140625,S&P 500,November,-3.950461187888721
1994-12-01,459.2699890136719,S&P 500,December,1.2299117331743048
1995-01-01,470.4200134277344,S&P 500,January,2.4277711761677034
1995-02-01,487.3900146484375,S&P 500,February,3.607414807259257
1995-03-01,500.7099914550781,S&P 500,March,2.732919511338072
1995-04-01,514.7100219726562,S&P 500,April,2.796035780491146
1995-05-01,533.4000244140625,S&P 500,May,3.631171269946476
1995-06-01,544.75,S&P 500,June,2.1278543431649366
1995-07-01,562.0599975585938,S&P 500,July,3.177603957520647
1995-08-01,561.8800048828125,S&P 500,August,-0.03202374774278205
1995-09-01,584.4099731445312,S&P 500,September,4.009747288732535
1995-10-01,581.5,S&P 500,October,-0.49793351897702287
1995-11-01,605.3699951171875,S&P 500,November,4.104900278106194
1995-12-01,615.9299926757812,S&P 500,December,1.744387340596476
1996-01-01,636.02001953125,S&P 500,January,3.2617386869231213
1996-02-01,640.4299926757812,S&P 500,February,0.6933701784703983
1996-03-01,645.5,S&P 500,March,0.7916567590839696
1996-04-01,654.1699829101562,S&P 500,April,1.343142201418468
1996-05-01,669.1199951171875,S&P 500,May,2.2853405991703157
1996-06-01,670.6300048828125,S&P 500,June,0.22567099722681228
1996-07-01,639.9500122070312,S&P 500,July,-4.57480167192077
1996-08-01,651.989990234375,S&P 500,August,1.881393514756069
1996-09-01,687.3300170898438,S&P 500,September,5.420332732833044
1996-10-01,705.27001953125,S&P 500,October,2.610100242291802
1996-11-01,757.02001953125,S&P 500,November,7.337615178140577
1996-12-01,740.739990234375,S&P 500,December,-2.1505414489508046
1997-01-01,786.1599731445312,S&P 500,January,6.131703905412889
1997-02-01,790.8200073242188,S&P 500,February,0.5927590234654057
1997-03-01,757.1199951171875,S&P 500,March,-4.261401064074876
1997-04-01,801.3400268554688,S&P 500,April,5.840557906734034
1997-05-01,848.280029296875,S&P 500,May,5.857688480332501
1997-06-01,885.1400146484375,S&P 500,June,4.345261479527585
1997-07-01,954.3099975585938,S&P 500,July,7.814580943742477
1997-08-01,899.469970703125,S&P 500,August,-5.746563170852836
1997-09-01,947.280029296875,S&P 500,September,5.315359061556713
1997-10-01,914.6199951171875,S&P 500,October,-3.447769737522033
1997-11-01,955.4000244140625,S&P 500,November,4.458685521263939
1997-12-01,970.4299926757812,S&P 500,December,1.5731597108694428
1998-01-01,980.280029296875,S&P 500,January,1.0150177442407982
1998-02-01,1049.3399658203125,S&P 500,February,7.044919253631243
1998-03-01,1101.75,S&P 500,March,4.994571434122053
1998-04-01,1111.75,S&P 500,April,0.9076469253460395
1998-05-01,1090.8199462890625,S&P 500,May,-1.8826223261468433
1998-06-01,1133.8399658203125,S&P 500,June,3.9438240635040422
1998-07-01,1120.6700439453125,S&P 500,July,-1.1615326917385427
1998-08-01,957.280029296875,S&P 500,August,-14.579671825011387
1998-09-01,1017.010009765625,S&P 500,September,6.239551504341101
1998-10-01,1098.6700439453125,S&P 500,October,8.029422856762892
1998-11-01,1163.6300048828125,S&P 500,November,5.912599628568138
1998-12-01,1229.22998046875,S&P 500,December,5.637528708495609
1999-01-01,1279.6400146484375,S&P 500,January,4.100944085374847
1999-02-01,1238.3299560546875,S&P 500,February,-3.2282562377591306
1999-03-01,1286.3699951171875,S&P 500,March,3.87942154089167
1999-04-01,1335.1800537109375,S&P 500,April,3.7944027596277463
1999-05-01,1301.8399658203125,S&P 500,May,-2.4970480796175143
1999-06-01,1372.7099609375,S&P 500,June,5.443833111432483
1999-07-01,1328.719970703125,S&P 500,July,-3.2046092391091685
1999-08-01,1320.4100341796875,S&P 500,August,-0.6254091687235008
1999-09-01,1282.7099609375,S&P 500,September,-2.8551792448024638
1999-10-01,1362.9300537109375,S&P 500,October,6.253954145238461
1999-11-01,1388.9100341796875,S&P 500,November,1.9061858969220413
1999-12-01,1469.25,S&P 500,December,5.784389473992291
2000-01-01,1394.4599609375,S&P 500,January,-5.090354879190063
2000-02-01,1366.4200439453125,S&P 500,February,-2.0108083256356934
2000-03-01,1498.5799560546875,S&P 500,March,9.671982835364812
2000-04-01,1452.4300537109375,S&P 500,April,-3.0795755780191336
2000-05-01,1420.5999755859375,S&P 500,May,-2.1915050603417807
2000-06-01,1454.5999755859375,S&P 500,June,2.3933549615877237
2000-07-01,1430.8299560546875,S&P 500,July,-1.6341275904170893
2000-08-01,1517.6800537109375,S&P 500,August,6.069910494167097
2000-09-01,1436.510009765625,S&P 500,September,-5.3482974719764265
2000-10-01,1429.4000244140625,S&P 500,October,-0.49494854217706497
2000-11-01,1314.949951171875,S&P 500,November,-8.006861010730892
2000-12-01,1320.280029296875,S&P 500,December,0.40534456237286687
2001-01-01,1366.010009765625,S&P 500,January,3.4636576676164488
2001-02-01,1239.93994140625,S&P 500,February,-9.229073539585963
2001-03-01,1160.3299560546875,S&P 500,March,-6.420471080339151
2001-04-01,1249.4599609375,S&P 500,April,7.681436165439459
2001-05-01,1255.8199462890625,S&P 500,May,0.5090187401275648
2001-06-01,1224.3800048828125,S&P 500,June,-2.503538942756467
2001-07-01,1211.22998046875,S&P 500,July,-1.0740149595403703
2001-08-01,1133.5799560546875,S&P 500,August,-6.410840688075748
2001-09-01,1040.93994140625,S&P 500,September,-8.172340570563886
2001-10-01,1059.780029296875,S&P 500,October,1.8099111333141016
2001-11-01,1139.449951171875,S&P 500,November,7.51759041240454
2001-12-01,1148.0799560546875,S&P 500,December,0.7573834088927756
2002-01-01,1130.199951171875,S&P 500,January,-1.5573832456979853
2002-02-01,1106.72998046875,S&P 500,February,-2.0766211039727644
2002-03-01,1147.3900146484375,S&P 500,March,3.6738892862074657
2002-04-01,1076.9200439453125,S&P 500,April,-6.141762591921907
2002-05-01,1067.1400146484375,S&P 500,May,-0.9081481352177012
2002-06-01,989.8200073242188,S&P 500,June,-7.24553538081798
2002-07-01,911.6199951171875,S&P 500,July,-7.900427514940766
2002-08-01,916.0700073242188,S&P 500,August,0.4881433306494376
2002-09-01,815.280029296875,S&P 500,September,-11.002431825242788
2002-10-01,885.760009765625,S&P 500,October,8.644880033371404
2002-11-01,936.3099975585938,S&P 500,November,5.706962070498589
2002-12-01,879.8200073242188,S&P 500,December,-6.033257188502883
2003-01-01,855.7000122070312,S&P 500,January,-2.741469268304464
2003-02-01,841.1500244140625,S&P 500,February,-1.700360825687175
2003-03-01,848.1799926757812,S&P 500,March,0.8357567684332823
2003-04-01,916.9199829101562,S&P 500,April,8.10441071800323
2003-05-01,963.5900268554688,S&P 500,May,5.0898709609522585
2003-06-01,974.5,S&P 500,June,1.1322214676852127
2003-07-01,990.3099975585938,S&P 500,July,1.6223701958536507
2003-08-01,1008.010009765625,S&P 500,August,1.7873203593487874
2003-09-01,995.969970703125,S&P 500,September,-1.1944364585525724
2003-10-01,1050.7099609375,S&P 500,October,5.496148663571665
2003-11-01,1058.199951171875,S&P 500,November,0.7128504071372888
2003-12-01,1111.9200439453125,S&P 500,December,5.076554077889206
2004-01-01,1131.1300048828125,S&P 500,January,1.7276386950755285
2004-02-01,1144.93994140625,S&P 500,February,1.220897373761054
2004-03-01,1126.2099609375,S&P 500,March,-1.635891961786684
2004-04-01,1107.300048828125,S&P 500,April,-1.6790751960348183
2004-05-01,1120.6800537109375,S&P 500,May,1.208345009735412
2004-06-01,1140.8399658203125,S&P 500,June,1.7988998771432563
2004-07-01,1101.719970703125,S&P 500,July,-3.4290519520026264
2004-08-01,1104.239990234375,S&P 500,August,0.22873503233691306
2004-09-01,1114.5799560546875,S&P 500,September,0.9363875526838816
2004-10-01,1130.199951171875,S&P 500,October,1.4014243690939843
2004-11-01,1173.8199462890625,S&P 500,November,3.859493629597055
2004-12-01,1211.9200439453125,S&P 500,December,3.245821284320516
2005-01-01,1181.27001953125,S&P 500,January,-2.529046744229402
2005-02-01,1203.5999755859375,S&P 500,February,1.8903346132113308
2005-03-01,1180.5899658203125,S&P 500,March,-1.911765556028966
2005-04-01,1156.8499755859375,S&P 500,April,-2.0108582083263493
2005-05-01,1191.5,S&P 500,May,2.995204663120865
2005-06-01,1191.3299560546875,S&P 500,June,-0.014271417986777557
2005-07-01,1234.1800537109375,S&P 500,July,3.596828690361842
2005-08-01,1220.3299560546875,S&P 500,August,-1.122210459860007
2005-09-01,1228.81005859375,S&P 500,September,0.694902431673361
2005-10-01,1207.010009765625,S&P 500,October,-1.7740779932313488
2005-11-01,1249.47998046875,S&P 500,November,3.5186096519093324
2005-12-01,1248.2900390625,S&P 500,December,-0.09523493171964548
2006-01-01,1280.0799560546875,S&P 500,January,2.5466771341108085
2006-02-01,1280.6600341796875,S&P 500,February,0.04531577283561905
2006-03-01,1294.8699951171875,S&P 500,March,1.1095810408889628
2006-04-01,1310.6099853515625,S&P 500,April,1.215565291784415
2006-05-01,1270.0899658203125,S&P 500,May,-3.0916916538203165
2006-06-01,1270.199951171875,S&P 500,June,0.008659650459597046
2006-07-01,1276.6600341796875,S&P 500,July,0.5085878803453348
2006-08-01,1303.8199462890625,S&P 500,August,2.127419311502643
2006-09-01,1335.8499755859375,S&P 500,September,2.4566297967782313
2006-10-01,1377.93994140625,S&P 500,October,3.1508003585395628
2006-11-01,1400.6300048828125,S&P 500,November,1.6466656343095964
2006-12-01,1418.300048828125,S&P 500,December,1.2615782814670462
2007-01-01,1438.239990234375,S&P 500,January,1.4059043023177953
2007-02-01,1406.8199462890625,S&P 500,February,-2.1846175991944383
2007-03-01,1420.8599853515625,S&P 500,March,0.9979982939206433
2007-04-01,1482.3699951171875,S&P 500,April,4.3290690426759815
2007-05-01,1530.6199951171875,S&P 500,May,3.2549228707361655
2007-06-01,1503.3499755859375,S&P 500,June,-1.781632254788501
2007-07-01,1455.27001953125,S&P 500,July,-3.198187836198829
2007-08-01,1473.989990234375,S&P 500,August,1.2863572018857905
2007-09-01,1526.75,S&P 500,September,3.579400817860079
2007-10-01,1549.3800048828125,S&P 500,October,1.4822338223554832
2007-11-01,1481.1400146484375,S&P 500,November,-4.404341737941575
2007-12-01,1468.3599853515625,S&P 500,December,-0.8628508561297932
2008-01-01,1378.550048828125,S&P 500,January,-6.116343227776988
2008-02-01,1330.6300048828125,S&P 500,February,-3.476119273728817
2008-03-01,1322.699951171875,S&P 500,March,-0.5959623397817415
2008-04-01,1385.5899658203125,S&P 500,April,4.75466976412291
2008-05-01,1400.3800048828125,S&P 500,May,1.067418170406853
2008-06-01,1280.0,S&P 500,June,-8.596238482631446
2008-07-01,1267.3800048828125,S&P 500,July,-0.9859371185302779
2008-08-01,1282.8299560546875,S&P 500,August,1.2190464669121548
2008-09-01,1166.3599853515625,S&P 500,September,-9.079143354379216
2008-10-01,968.75,S&P 500,October,-16.942452401777075
2008-11-01,896.239990234375,S&P 500,November,-7.484904233870971
2008-12-01,903.25,S&P 500,December,0.7821576633499472
2009-01-01,825.8800048828125,S&P 500,January,-8.565734305805428
2009-02-01,735.0900268554688,S&P 500,February,-10.993119762019942
2009-03-01,797.8699951171875,S&P 500,March,8.540446199532292
2009-04-01,872.8099975585938,S&P 500,April,9.392507914826332
2009-05-01,919.1400146484375,S&P 500,May,5.308144638516654
2009-06-01,919.3200073242188,S&P 500,June,0.019582726560996022
2009-07-01,987.47998046875,S&P 500,July,7.414172714778422
2009-08-01,1020.6199951171875,S&P 500,August,3.356018886854417
2009-09-01,1057.0799560546875,S&P 500,September,3.5723345723119637
2009-10-01,1036.18994140625,S&P 500,October,-1.9762000526814205
2009-11-01,1095.6300048828125,S&P 500,November,5.736406145372763
2009-12-01,1115.0999755859375,S&P 500,December,1.7770570919338313
2010-01-01,1073.8699951171875,S&P 500,January,-3.6974245692262153
2010-02-01,1104.489990234375,S&P 500,February,2.8513689046546054
2010-03-01,1169.4300537109375,S&P 500,March,5.8796425545497355
2010-04-01,1186.68994140625,S&P 500,April,1.4759230482012997
2010-05-01,1089.4100341796875,S&P 500,May,-8.197584207319053
2010-06-01,1030.7099609375,S&P 500,June,-5.388244223983851
2010-07-01,1101.5999755859375,S&P 500,July,6.8777849574635175
2010-08-01,1049.3299560546875,S&P 500,August,-4.744918363260475
2010-09-01,1141.199951171875,S&P 500,September,8.755110305113556
2010-10-01,1183.260009765625,S&P 500,October,3.685599403554063
2010-11-01,1180.550048828125,S&P 500,November,-0.22902497465766558
2010-12-01,1257.6400146484375,S&P 500,December,6.530004034715509
2011-01-01,1286.1199951171875,S&P 500,January,2.2645574359139164
2011-02-01,1327.219970703125,S&P 500,February,3.1956563728093412
2011-03-01,1325.8299560546875,S&P 500,March,-0.10473129391664893
2011-04-01,1363.6099853515625,S&P 500,April,2.8495380666536008
2011-05-01,1345.199951171875,S&P 500,May,-1.350095289522324
2011-06-01,1320.6400146484375,S&P 500,June,-1.8257461652479323
2011-07-01,1292.280029296875,S&P 500,July,-2.147442530666621
2011-08-01,1218.8900146484375,S&P 500,August,-5.679110795232889
2011-09-01,1131.4200439453125,S&P 500,September,-7.1761988080896515
2011-10-01,1253.300048828125,S&P 500,October,10.772303843744147
2011-11-01,1246.9599609375,S&P 500,November,-0.5058715107011391
2011-12-01,1257.5999755859375,S&P 500,December,0.8532763666636134
2012-01-01,1312.4100341796875,S&P 500,January,4.358306270498535
2012-02-01,1365.6800537109375,S&P 500,February,4.058946376811723
2012-03-01,1408.469970703125,S&P 500,March,3.133231453144192
2012-04-01,1397.9100341796875,S&P 500,April,-0.7497452372495994
2012-05-01,1310.3299560546875,S&P 500,May,-6.2650725714543665
2012-06-01,1362.1600341796875,S&P 500,June,3.955498222833631
2012-07-01,1379.3199462890625,S&P 500,July,1.259757420478791
2012-08-01,1406.5799560546875,S&P 500,August,1.9763369506085704
2012-09-01,1440.6700439453125,S&P 500,September,2.4236153617775313
2012-10-01,1412.1600341796875,S&P 500,October,-1.9789409716293949
2012-11-01,1416.1800537109375,S&P 500,November,0.28467166850427716
2012-12-01,1426.18994140625,S&P 500,December,0.7068230956284616
2013-01-01,1498.1099853515625,S&P 500,January,5.0428096466868855
2013-02-01,1514.6800537109375,S&P 500,February,1.1060648765041536
2013-03-01,1569.18994140625,S&P 500,March,3.5987723982872977
2013-04-01,1597.5699462890625,S&P 500,April,1.8085767779890016
2013-05-01,1630.739990234375,S&P 500,May,2.0762811683057825
2013-06-01,1606.280029296875,S&P 500,June,-1.4999301595580827
2013-07-01,1685.72998046875,S&P 500,July,4.946207991308538
2013-08-01,1632.969970703125,S&P 500,August,-3.1298019479343964
2013-09-01,1681.550048828125,S&P 500,September,2.974952325919533
2013-10-01,1756.5400390625,S&P 500,October,4.459575276194472
2013-11-01,1805.81005859375,S&P 500,November,2.8049471367328715
2013-12-01,1848.3599853515625,S&P 500,December,2.3562791975445974
2014-01-01,1782.5899658203125,S&P 500,January,-3.5582905955811595
2014-02-01,1859.449951171875,S&P 500,February,4.31170301781616
2014-03-01,1872.3399658203125,S&P 500,March,0.6932165418227054
2014-04-01,1883.949951171875,S&P 500,April,0.6200789153414155
2014-05-01,1923.5699462890625,S&P 500,May,2.103028007328045
2014-06-01,1960.22998046875,S&P 500,June,1.9058331749470137
2014-07-01,1930.6700439453125,S&P 500,July,-1.5079830845342368
2014-08-01,2003.3699951171875,S&P 500,August,3.7655295579825276
2014-09-01,1972.2900390625,S&P 500,September,-1.5513837249453988
2014-10-01,2018.050048828125,S&P 500,October,2.3201460667203078
2014-11-01,2067.56005859375,S&P 500,November,2.453358864631494
2014-12-01,2058.89990234375,S&P 500,December,-0.4188587515997044
2015-01-01,1994.989990234375,S&P 500,January,-3.1040805838410623
2015-02-01,2104.5,S&P 500,February,5.48925108906233
2015-03-01,2067.889892578125,S&P 500,March,-1.7396107114219572
2015-04-01,2085.510009765625,S&P 500,April,0.8520819822535275
2015-05-01,2107.389892578125,S&P 500,May,1.0491382304589791
2015-06-01,2063.110107421875,S&P 500,June,-2.1011671979729973
2015-07-01,2103.840087890625,S&P 500,July,1.9742029435184882
2015-08-01,1972.1800537109375,S&P 500,August,-6.258081825586559
2015-09-01,1920.030029296875,S&P 500,September,-2.6442831280001466
2015-10-01,2079.360107421875,S&P 500,October,8.298311781266655
2015-11-01,2080.409912109375,S&P 500,November,0.050486911033487125
2015-12-01,2043.93994140625,S&P 500,December,-1.7530185032692547
2016-01-01,1940.239990234375,S&P 500,January,-5.07353220469523
2016-02-01,1932.22998046875,S&P 500,February,-0.41283603090035426
2016-03-01,2059.739990234375,S&P 500,March,6.599111444005845
2016-04-01,2065.300048828125,S&P 500,April,0.26993982833325436
2016-05-01,2096.949951171875,S&P 500,May,1.5324602525288444
2016-06-01,2098.860107421875,S&P 500,June,0.09109212401243738
2016-07-01,2173.60009765625,S&P 500,July,3.5609800753315435
2016-08-01,2170.949951171875,S&P 500,August,-0.12192428990193127
2016-09-01,2168.27001953125,S&P 500,September,-0.12344511393173052
2016-10-01,2126.14990234375,S&P 500,October,-1.942567890903446
2016-11-01,2198.81005859375,S&P 500,November,3.4174521829295035
2016-12-01,2238.830078125,S&P 500,December,1.8200762441865859
2017-01-01,2278.8701171875,S&P 500,January,1.7884358198382522
2017-02-01,2363.639892578125,S&P 500,February,3.719816006681631
2017-03-01,2362.719970703125,S&P 500,March,-0.03891971352694146
2017-04-01,2384.199951171875,S&P 500,April,0.9091208748854607
2017-05-01,2411.800048828125,S&P 500,May,1.1576251246328662
2017-06-01,2423.409912109375,S&P 500,June,0.4813775207812565
2017-07-01,2470.300048828125,S&P 500,July,1.9348826001101882
2017-08-01,2471.64990234375,S&P 500,August,0.0546433019853243
2017-09-01,2519.360107421875,S&P 500,September,1.9302978562167672
2017-10-01,2575.260009765625,S&P 500,October,2.218813506615125
2017-11-01,2647.580078125,S&P 500,November,2.8082627806563343
2017-12-01,2673.610107421875,S&P 500,December,0.9831630594270502
2018-01-01,2823.81005859375,S&P 500,January,5.617870412552817
2018-02-01,2713.830078125,S&P 500,February,-3.89473718793677
2018-03-01,2640.8701171875,S&P 500,March,-2.688449860055664
2018-04-01,2648.050048828125,S&P 500,April,0.27187749953683227
2018-05-01,2705.27001953125,S&P 500,May,2.16083418545836
2018-06-01,2718.3701171875,S&P 500,June,0.48424362676078303
2018-07-01,2816.2900390625,S&P 500,July,3.602155617289915
2018-08-01,2901.52001953125,S&P 500,August,3.0263211276748248
2018-09-01,2913.97998046875,S&P 500,September,0.42942874264617625
2018-10-01,2711.739990234375,S&P 500,October,-6.94033560936963
2018-11-01,2760.169921875,S&P 500,November,1.7859356654779779
2018-12-01,2506.85009765625,S&P 500,December,-9.177689467997252
2019-01-01,2704.10009765625,S&P 500,January,7.868440166582613
2019-02-01,2784.489990234375,S&P 500,February,2.9728889343927145
2019-03-01,2834.39990234375,S&P 500,March,1.7924256249588488
2019-04-01,2945.830078125,S&P 500,April,3.9313498313737982
2019-05-01,2752.06005859375,S&P 500,May,-6.57777313668354
2019-06-01,2941.760009765625,S&P 500,June,6.89301639982407
2019-07-01,2980.3798828125,S&P 500,July,1.3128152166957952
2019-08-01,2926.4599609375,S&P 500,August,-1.8091627240523933
2019-09-01,2976.739990234375,S&P 500,September,1.7181177931020697
2019-10-01,3037.56005859375,S&P 500,October,2.0431770513684056
2019-11-01,3140.97998046875,S&P 500,November,3.4047037714499906
2019-12-01,3230.780029296875,S&P 500,December,2.858981890573009
2020-01-01,3225.52001953125,S&P 500,January,-0.16280928190489652
2020-02-01,2954.219970703125,S&P 500,February,-8.411048363840312
2020-03-01,2584.590087890625,S&P 500,March,-12.511928240892821
2020-04-01,2912.429931640625,S&P 500,April,12.68440381652789
2020-05-01,3044.31005859375,S&P 500,May,4.528181966555822
2020-06-01,3100.2900390625,S&P 500,June,1.838839651392421
2020-07-01,3271.1201171875,S&P 500,July,5.510132148044367
2020-08-01,3500.31005859375,S&P 500,August,7.006466690171775
2020-09-01,3363.0,S&P 500,September,-3.9227970178423055
2020-10-01,3269.9599609375,S&P 500,October,-2.766578622137972
2020-11-01,3621.6298828125,S&P 500,November,10.75456354438591
2020-12-01,3756.070068359375,S&P 500,December,3.712145909357001
2021-01-01,3714.239990234375,S&P 500,January,-1.1136660755445171
2021-02-01,3811.14990234375,S&P 500,February,2.6091451377448394
2021-03-01,3972.889892578125,S&P 500,March,4.2438632533165155
2021-04-01,4181.169921875,S&P 500,April,5.242532134755851
2021-05-01,4204.10986328125,S&P 500,May,0.548648867060697
2021-06-01,4297.5,S&P 500,June,2.2214009565834747
2021-07-01,4395.259765625,S&P 500,July,2.274805482838871
2021-08-01,4522.68017578125,S&P 500,August,2.8990416255438634
2021-09-01,4307.5400390625,S&P 500,September,-4.75691688019011
2021-10-01,4605.3798828125,S&P 500,October,6.914383640060651
2021-11-01,4567.0,S&P 500,November,-0.8333706184746159
2021-12-01,4766.18017578125,S&P 500,December,4.361291346206486
2022-01-01,4515.5498046875,S&P 500,January,-5.258516502739385
2022-02-01,4373.93994140625,S&P 500,February,-3.1360491945908286
2022-03-01,4530.41015625,S&P 500,March,3.5773288371546252
2022-04-01,4131.93017578125,S&P 500,April,-8.795671180434306
2022-05-01,4132.14990234375,S&P 500,May,0.005317770464463578
2022-06-01,3785.3798828125,S&P 500,June,-8.391999993382681
2022-07-01,4130.2900390625,S&P 500,July,9.111639173021002
2022-08-01,3955.0,S&P 500,August,-4.244012827299837
2022-09-01,3585.6201171875,S&P 500,September,-9.339567201327437
2022-10-01,3871.97998046875,S&P 500,October,7.98634138370089
2022-11-01,4080.110107421875,S&P 500,November,5.375289335249311
2022-12-01,3839.5,S&P 500,December,-5.897147407473047
2023-01-01,4076.60009765625,S&P 500,January,6.17528578346791
2023-02-01,3970.14990234375,S&P 500,February,-2.611249393181858
2023-03-01,4109.31005859375,S&P 500,March,3.505161257710898
2023-04-01,4169.47998046875,S&P 500,April,1.4642341662481018
2023-05-01,4179.830078125,S&P 500,May,0.2482347368192972
2023-06-01,4450.3798828125,S&P 500,June,6.472746490423464
2023-07-01,4588.9599609375,S&P 500,July,3.113893235501086
2023-08-01,4507.66015625,S&P 500,August,-1.7716390070854016
2023-09-01,4288.0498046875,S&P 500,September,-4.871936746562488
2023-10-01,4193.7998046875,S&P 500,October,-2.197968873798295
2023-11-01,4567.7998046875,S&P 500,November,8.917926878197013
2023-12-01,4769.830078125,S&P 500,December,4.422923115636013
2024-01-01,4845.64990234375,S&P 500,January,1.5895707598991615
2024-02-01,5096.27001953125,S&P 500,February,5.172064062372317
2024-03-01,5254.35009765625,S&P 500,March,3.1018779915342964
2024-04-01,5035.68994140625,S&P 500,April,-4.161507173789869
2024-05-01,5277.509765625,S&P 500,May,4.80211901511991
2024-06-01,5460.47998046875,S&P 500,June,3.466980128308328
2024-07-01,5522.2998046875,S&P 500,July,1.1321316887868749
2024-08-01,5648.39990234375,S&P 500,August,2.2834706936630367
2024-09-01,5762.47998046875,S&P 500,September,2.0196884090601275
2024-10-01,5863.7900390625,S&P 500,October,1.7580982309201687
1985-02-01,284.20001220703125,NASDAQ,February,1.9734480656980802
1985-03-01,279.20001220703125,NASDAQ,March,-1.7593243438559947
1985-04-01,280.6000061035156,NASDAQ,April,0.5014304567602546
1985-05-01,290.79998779296875,NASDAQ,May,3.6350611074791983
1985-06-01,296.20001220703125,NASDAQ,June,1.856954828315538
1985-07-01,301.29998779296875,NASDAQ,July,1.7218012747321598
1985-08-01,297.70001220703125,NASDAQ,August,-1.1948143816093104
1985-09-01,280.29998779296875,NASDAQ,September,-5.844818172853117
1985-10-01,292.5,NASDAQ,October,4.352484030802839
1985-11-01,314.0,NASDAQ,November,7.3504273504273465
1985-12-01,324.8999938964844,NASDAQ,December,3.4713356358230474
1986-01-01,335.79998779296875,NASDAQ,January,3.3548766085718107
1986-02-01,359.5,NASDAQ,February,7.057776375394953
1986-03-01,374.70001220703125,NASDAQ,March,4.2280979713577915
1986-04-01,383.20001220703125,NASDAQ,April,2.2684813779252133
1986-05-01,400.20001220703125,NASDAQ,May,4.436325537175456
1986-06-01,405.5,NASDAQ,June,1.3243347404564787
1986-07-01,371.3999938964844,NASDAQ,July,-8.40937265191507
1986-08-01,382.8999938964844,NASDAQ,August,3.0963920810416656
1986-09-01,350.70001220703125,NASDAQ,September,-8.409501750516679
1986-10-01,360.79998779296875,NASDAQ,October,2.8799473151928767
1986-11-01,359.6000061035156,NASDAQ,November,-0.33258917130054577
1986-12-01,348.79998779296875,NASDAQ,December,-3.0033420821016232
1987-01-01,392.1000061035156,NASDAQ,January,12.413996509726877
1987-02-01,425.0,NASDAQ,February,8.39071496668089
1987-03-01,430.1000061035156,NASDAQ,March,1.200001436121334
1987-04-01,417.79998779296875,NASDAQ,April,-2.85980426319421
1987-05-01,416.5,NASDAQ,May,-0.31115074938989906
1987-06-01,424.70001220703125,NASDAQ,June,1.9687904458658423
1987-07-01,434.8999938964844,NASDAQ,July,2.4016909339011017
1987-08-01,455.0,NASDAQ,August,4.6217535952184585
1987-09-01,444.29998779296875,NASDAQ,September,-2.3516510345123587
1987-10-01,323.29998779296875,NASDAQ,October,-27.233851749818772
1987-11-01,305.20001220703125,NASDAQ,November,-5.59850797072351
1987-12-01,330.5,NASDAQ,December,8.289641802440894
1988-01-01,344.70001220703125,NASDAQ,January,4.296524117104772
1988-02-01,367.0,NASDAQ,February,6.469389905206935
1988-03-01,374.6000061035156,NASDAQ,March,2.070846349731781
1988-04-01,379.20001220703125,NASDAQ,April,1.2279781176096627
1988-05-01,370.29998779296875,NASDAQ,May,-2.347052776254488
1988-06-01,394.70001220703125,NASDAQ,June,6.589258768138095
1988-07-01,387.29998779296875,NASDAQ,July,-1.874847779376554
1988-08-01,376.6000061035156,NASDAQ,August,-2.7627115999737106
1988-09-01,387.70001220703125,NASDAQ,September,2.94742589580963
1988-10-01,382.5,NASDAQ,October,-1.3412463356473836
1988-11-01,371.5,NASDAQ,November,-2.875816993464053
1988-12-01,381.3999938964844,NASDAQ,December,2.6648704970348325
1989-01-01,401.29998779296875,NASDAQ,January,5.21761778053027
1989-02-01,399.70001220703125,NASDAQ,February,-0.3986981396976619
1989-03-01,406.70001220703125,NASDAQ,March,1.7513134316278656
1989-04-01,427.6000061035156,NASDAQ,April,5.138921384109829
1989-05-01,446.20001220703125,NASDAQ,May,4.349861047245374
1989-06-01,435.29998779296875,NASDAQ,June,-2.4428561442990326
1989-07-01,453.79998779296875,NASDAQ,July,4.2499426875239665
1989-08-01,469.29998779296875,NASDAQ,August,3.4156016784802956
1989-09-01,472.8999938964844,NASDAQ,September,0.7671012565855451
1989-10-01,455.6000061035156,NASDAQ,October,-3.6582761717598222
1989-11-01,456.1000061035156,NASDAQ,November,0.10974538922337018
1989-12-01,454.79998779296875,NASDAQ,December,-0.28502922454507473
1990-01-01,415.79998779296875,NASDAQ,January,-8.57519811934413
1990-02-01,425.79998779296875,NASDAQ,February,2.405002475608331
1990-03-01,435.5,NASDAQ,March,2.2780677513188463
1990-04-01,420.1000061035156,NASDAQ,April,-3.5361639257139754
1990-05-01,459.0,NASDAQ,May,9.259698484007917
1990-06-01,462.29998779296875,NASDAQ,June,0.7189515888820885
1990-07-01,438.20001220703125,NASDAQ,July,-5.213059965887378
1990-08-01,381.20001220703125,NASDAQ,August,-13.007758651788869
1990-09-01,344.5,NASDAQ,September,-9.627495024081822
1990-10-01,329.79998779296875,NASDAQ,October,-4.267057244421258
1990-11-01,359.1000061035156,NASDAQ,November,8.884178106440643
1990-12-01,373.79998779296875,NASDAQ,December,4.093562082874391
1991-01-01,414.20001220703125,NASDAQ,January,10.807925557354036
1991-02-01,453.1000061035156,NASDAQ,February,9.391596511359058
1991-03-01,482.29998779296875,NASDAQ,March,6.4444893613137655
1991-04-01,484.7200012207031,NASDAQ,April,0.5017651853586935
1991-05-01,506.1099853515625,NASDAQ,May,4.412853622089363
1991-06-01,475.9200134277344,NASDAQ,June,-5.965101024998953
1991-07-01,502.0400085449219,NASDAQ,July,5.4883161834407
1991-08-01,525.6799926757812,NASDAQ,August,4.708784903294028
1991-09-01,526.8800048828125,NASDAQ,September,0.2282780824362396
1991-10-01,542.97998046875,NASDAQ,October,3.0557196015662758
1991-11-01,523.9000244140625,NASDAQ,November,-3.5139336146824296
1991-12-01,586.3400268554688,NASDAQ,December,11.918304930647805
1992-01-01,620.2100219726562,NASDAQ,January,5.77651082407451
1992-02-01,633.469970703125,NASDAQ,February,2.1379771788101465
1992-03-01,603.77001953125,NASDAQ,March,-4.688454472263192
1992-04-01,578.6799926757812,NASDAQ,April,-4.155560237149225
1992-05-01,585.3099975585938,NASDAQ,May,1.1457117866051858
1992-06-01,563.5999755859375,NASDAQ,June,-3.7091493504658457
1992-07-01,580.8300170898438,NASDAQ,July,3.057140214740661
1992-08-01,563.1199951171875,NASDAQ,August,-3.049088623447782
1992-09-01,583.27001953125,NASDAQ,September,3.5782825310383792
1992-10-01,605.1699829101562,NASDAQ,October,3.754686962396314
1992-11-01,652.72998046875,NASDAQ,November,7.858948543661404
1992-12-01,676.9500122070312,NASDAQ,December,3.710574427864932
1993-01-01,696.3400268554688,NASDAQ,January,2.8643200086843956
1993-02-01,670.77001953125,NASDAQ,February,-3.672057664082262
1993-03-01,690.1300048828125,NASDAQ,March,2.8862329543427823
1993-04-01,661.4199829101562,NASDAQ,April,-4.160088935349416
1993-05-01,700.530029296875,NASDAQ,May,5.913042756077602
1993-06-01,703.9500122070312,NASDAQ,June,0.4881993300970944
1993-07-01,704.7000122070312,NASDAQ,July,0.10654165594068399
1993-08-01,742.8400268554688,NASDAQ,August,5.412234140451888
1993-09-01,762.780029296875,NASDAQ,September,2.6842929460619835
1993-10-01,779.260009765625,NASDAQ,October,2.160515461310797
1993-11-01,754.3900146484375,NASDAQ,November,-3.191488695110578
1993-12-01,776.7999877929688,NASDAQ,December,2.9706084000826527
1994-01-01,800.469970703125,NASDAQ,January,3.04711422272379
1994-02-01,792.5,NASDAQ,February,-0.9956614232666694
1994-03-01,743.4600219726562,NASDAQ,March,-6.188009845721609
1994-04-01,733.8400268554688,NASDAQ,April,-1.2939492148699938
1994-05-01,735.1900024414062,NASDAQ,May,0.18396047320043962
1994-06-01,705.9600219726562,NASDAQ,June,-3.9758403095367933
1994-07-01,722.1599731445312,NASDAQ,July,2.294740589786892
1994-08-01,765.6199951171875,NASDAQ,August,6.018060206717979
1994-09-01,764.2899780273438,NASDAQ,September,-0.1737176534476692
1994-10-01,777.489990234375,NASDAQ,October,1.727094765929138
1994-11-01,750.3200073242188,NASDAQ,November,-3.494576554222373
1994-12-01,751.9600219726562,NASDAQ,December,0.21857535883738066
1995-01-01,755.2000122070312,NASDAQ,January,0.4308726713789124
1995-02-01,793.72998046875,NASDAQ,February,5.1019554606622775
1995-03-01,817.2100219726562,NASDAQ,March,2.958190074921929
1995-04-01,843.97998046875,NASDAQ,April,3.2757746205160254
1995-05-01,864.5800170898438,NASDAQ,May,2.4408205286637674
1995-06-01,933.4500122070312,NASDAQ,June,7.965716735971107
1995-07-01,1001.2100219726562,NASDAQ,July,7.259093564679975
1995-08-01,1020.1099853515625,NASDAQ,August,1.8877121646933004
1995-09-01,1043.5400390625,NASDAQ,September,2.2968164264035362
1995-10-01,1036.06005859375,NASDAQ,October,-0.716789024738318
1995-11-01,1059.199951171875,NASDAQ,November,2.2334508879275683
1995-12-01,1052.1300048828125,NASDAQ,December,-0.667479854133346
1996-01-01,1059.7900390625,NASDAQ,January,0.7280501595941624
1996-02-01,1100.050048828125,NASDAQ,February,3.7988665944850064
1996-03-01,1101.4000244140625,NASDAQ,March,0.12271946966191383
1996-04-01,1190.52001953125,NASDAQ,April,8.09151926109668
1996-05-01,1243.4300537109375,NASDAQ,May,4.444279248703431
1996-06-01,1185.02001953125,NASDAQ,June,-4.697492553390237
1996-07-01,1080.5899658203125,NASDAQ,July,-8.812513880756734
1996-08-01,1141.5,NASDAQ,August,5.636738828446242
1996-09-01,1226.9200439453125,NASDAQ,September,7.483140074052774
1996-10-01,1221.510009765625,NASDAQ,October,-0.440944314699665
1996-11-01,1292.6099853515625,NASDAQ,November,5.820662542059707
1996-12-01,1291.030029296875,NASDAQ,December,-0.12222991254843274
1997-01-01,1379.8499755859375,NASDAQ,January,6.879773845185921
1997-02-01,1309.0,NASDAQ,February,-5.134614402978976
1997-03-01,1221.699951171875,NASDAQ,March,-6.669216869986627
1997-04-01,1260.760009765625,NASDAQ,April,3.197189175319437
1997-05-01,1400.3199462890625,NASDAQ,May,11.069508506173321
1997-06-01,1442.0699462890625,NASDAQ,June,2.9814614946134466
1997-07-01,1593.81005859375,NASDAQ,July,10.522382266905051
1997-08-01,1587.3199462890625,NASDAQ,August,-0.4072073877117943
1997-09-01,1685.68994140625,NASDAQ,September,6.197238014123307
1997-10-01,1593.6099853515625,NASDAQ,October,-5.462449160601379
1997-11-01,1600.550048828125,NASDAQ,November,0.43549322232889764
1997-12-01,1570.3499755859375,NASDAQ,December,-1.88685591333424
1998-01-01,1619.3599853515625,NASDAQ,January,3.1209609658724657
1998-02-01,1770.510009765625,NASDAQ,February,9.333935985904196
1998-03-01,1835.6800537109375,NASDAQ,March,3.6808627788520454
1998-04-01,1868.4100341796875,NASDAQ,April,1.782989383285205
1998-05-01,1778.8699951171875,NASDAQ,May,-4.792312042030533
1998-06-01,1894.739990234375,NASDAQ,June,6.5136853977659115
1998-07-01,1872.3900146484375,NASDAQ,July,-1.1795800849262128
1998-08-01,1499.25,NASDAQ,August,-19.928541154845814
1998-09-01,1693.8399658203125,NASDAQ,September,12.97915396500333
1998-10-01,1771.3900146484375,NASDAQ,October,4.578357483173923
1998-11-01,1949.5400390625,NASDAQ,November,10.05707511845828
1998-12-01,2192.68994140625,NASDAQ,December,12.472167663746813
1999-01-01,2505.889892578125,NASDAQ,January,14.283823045724775
1999-02-01,2288.030029296875,NASDAQ,February,-8.693912048031372
1999-03-01,2461.39990234375,NASDAQ,March,7.5772551420643985
1999-04-01,2542.860107421875,NASDAQ,April,3.3095071223720574
1999-05-01,2470.52001953125,NASDAQ,May,-2.844831600428399
1999-06-01,2686.1201171875,NASDAQ,June,8.726911579415475
1999-07-01,2638.489990234375,NASDAQ,July,-1.7731942309041626
1999-08-01,2739.35009765625,NASDAQ,August,3.8226450657451894
1999-09-01,2746.159912109375,NASDAQ,September,0.24859233797649427
1999-10-01,2966.429931640625,NASDAQ,October,8.021019408227282
1999-11-01,3336.159912109375,NASDAQ,November,12.46380292098339
1999-12-01,4069.31005859375,NASDAQ,December,21.975869436690807
2000-01-01,3940.35009765625,NASDAQ,January,-3.1690866284606822
2000-02-01,4696.68994140625,NASDAQ,February,19.194737142770045
2000-03-01,4572.830078125,NASDAQ,March,-2.6371735163800203
2000-04-01,3860.659912109375,NASDAQ,April,-15.573947727085379
2000-05-01,3400.909912109375,NASDAQ,May,-11.908585849738918
2000-06-01,3966.110107421875,NASDAQ,June,16.619087535957135
2000-07-01,3766.989990234375,NASDAQ,July,-5.0205393141981025
2000-08-01,4206.35009765625,NASDAQ,August,11.663426464123393
2000-09-01,3672.820068359375,NASDAQ,September,-12.68391876354168
2000-10-01,3369.6298828125,NASDAQ,October,-8.25496974814528
2000-11-01,2597.929931640625,NASDAQ,November,-22.90162356133211
2000-12-01,2470.52001953125,NASDAQ,December,-4.904285930025609
2001-01-01,2772.72998046875,NASDAQ,January,12.232645700027177
2001-02-01,2151.830078125,NASDAQ,February,-22.39308936381834
2001-03-01,1840.260009765625,NASDAQ,March,-14.479306313575746
2001-04-01,2116.239990234375,NASDAQ,April,14.99679279037851
2001-05-01,2110.489990234375,NASDAQ,May,-0.2717083141105969
2001-06-01,2160.5400390625,NASDAQ,June,2.3714895147437742
2001-07-01,2027.1300048828125,NASDAQ,July,-6.174846647950883
2001-08-01,1805.4300537109375,NASDAQ,August,-10.936641983388306
2001-09-01,1498.800048828125,NASDAQ,September,-16.983765405508542
2001-10-01,1690.199951171875,NASDAQ,October,12.770209241279451
2001-11-01,1930.5799560546875,NASDAQ,November,14.221986263586661
2001-12-01,1950.4000244140625,NASDAQ,December,1.026638047143047
2002-01-01,1934.030029296875,NASDAQ,January,-0.8393147514497934
2002-02-01,1731.489990234375,NASDAQ,February,-10.472435070521335
2002-03-01,1845.3499755859375,NASDAQ,March,6.575838497117181
2002-04-01,1688.22998046875,NASDAQ,April,-8.514373815042786
2002-05-01,1615.72998046875,NASDAQ,May,-4.294438603671158
2002-06-01,1463.2099609375,NASDAQ,June,-9.439697311737783
2002-07-01,1328.260009765625,NASDAQ,July,-9.222869907570242
2002-08-01,1314.8499755859375,NASDAQ,August,-1.00959406148603
2002-09-01,1172.06005859375,NASDAQ,September,-10.859787781382124
2002-10-01,1329.75,NASDAQ,October,13.454083709280917
2002-11-01,1478.780029296875,NASDAQ,November,11.207372009541272
2002-12-01,1335.510009765625,NASDAQ,December,-9.688392911241273
2003-01-01,1320.9100341796875,NASDAQ,January,-1.0932134899160895
2003-02-01,1337.52001953125,NASDAQ,February,1.2574653020845261
2003-03-01,1341.1700439453125,NASDAQ,March,0.2728949369551703
2003-04-01,1464.31005859375,NASDAQ,April,9.181536316319526
2003-05-01,1595.9100341796875,NASDAQ,May,8.98716599080931
2003-06-01,1622.800048828125,NASDAQ,June,1.6849329894876641
2003-07-01,1735.02001953125,NASDAQ,July,6.915206268582663
2003-08-01,1810.449951171875,NASDAQ,August,4.347496328082934
2003-09-01,1786.93994140625,NASDAQ,September,-1.298572752613647
2003-10-01,1932.2099609375,NASDAQ,October,8.129541243391113
2003-11-01,1960.260009765625,NASDAQ,November,1.451708116364081
2003-12-01,2003.3699951171875,NASDAQ,December,2.199197307336642
2004-01-01,2066.14990234375,NASDAQ,January,3.133715059104203
2004-02-01,2029.8199462890625,NASDAQ,February,-1.7583407676992069
2004-03-01,1994.219970703125,NASDAQ,March,-1.753848938720981
2004-04-01,1920.1500244140625,NASDAQ,April,-3.7142314978897195
2004-05-01,1986.739990234375,NASDAQ,May,3.4679564082828573
2004-06-01,2047.7900390625,NASDAQ,June,3.0728756217829556
2004-07-01,1887.3599853515625,NASDAQ,July,-7.834301888897954
2004-08-01,1838.0999755859375,NASDAQ,August,-2.609995451209546
2004-09-01,1896.8399658203125,NASDAQ,September,3.19569071402932
2004-10-01,1974.989990234375,NASDAQ,October,4.120011483428732
2004-11-01,2096.81005859375,NASDAQ,November,6.168135988624357
2004-12-01,2175.43994140625,NASDAQ,December,3.7499764220529475
2005-01-01,2062.409912109375,NASDAQ,January,-5.1957320055367795
2005-02-01,2051.719970703125,NASDAQ,February,-0.5183228292050202
2005-03-01,1999.22998046875,NASDAQ,March,-2.5583408546921094
2005-04-01,1921.6500244140625,NASDAQ,April,-3.880491829984345
2005-05-01,2068.219970703125,NASDAQ,May,7.627296564251007
2005-06-01,2056.9599609375,NASDAQ,June,-0.5444299893205717
2005-07-01,2184.830078125,NASDAQ,July,6.2164611667609115
2005-08-01,2152.090087890625,NASDAQ,August,-1.498514258027428
2005-09-01,2151.68994140625,NASDAQ,September,-0.018593389125598492
2005-10-01,2120.300048828125,NASDAQ,October,-1.458848320758055
2005-11-01,2232.820068359375,NASDAQ,November,5.306797007029229
2005-12-01,2205.320068359375,NASDAQ,December,-1.2316263361161206
2006-01-01,2305.820068359375,NASDAQ,January,4.5571616311806284
2006-02-01,2281.389892578125,NASDAQ,February,-1.059500527230317
2006-03-01,2339.7900390625,NASDAQ,March,2.5598494441640085
2006-04-01,2322.570068359375,NASDAQ,April,-0.7359622195000304
2006-05-01,2178.8798828125,NASDAQ,May,-6.186688940169427
2006-06-01,2172.090087890625,NASDAQ,June,-0.3116185970339358
2006-07-01,2091.469970703125,NASDAQ,July,-3.7116378200405253
2006-08-01,2183.75,NASDAQ,August,4.4122091442628575
2006-09-01,2258.429931640625,NASDAQ,September,3.419802250286197
2006-10-01,2366.7099609375,NASDAQ,October,4.794482564186331
2006-11-01,2431.77001953125,NASDAQ,November,2.748966272486486
2006-12-01,2415.2900390625,NASDAQ,December,-0.677694861618805
2007-01-01,2463.929931640625,NASDAQ,January,2.0138323676027303
2007-02-01,2416.14990234375,NASDAQ,February,-1.9391797097517482
2007-03-01,2421.639892578125,NASDAQ,March,0.22722059707676046
2007-04-01,2525.090087890625,NASDAQ,April,4.271906637710909
2007-05-01,2604.52001953125,NASDAQ,May,3.1456276360808166
2007-06-01,2603.22998046875,NASDAQ,June,-0.04953077929238381
2007-07-01,2546.27001953125,NASDAQ,July,-2.188049514059587
2007-08-01,2596.360107421875,NASDAQ,August,1.9671946614619573
2007-09-01,2701.5,NASDAQ,September,4.049511170564335
2007-10-01,2859.1201171875,NASDAQ,October,5.834540706551916
2007-11-01,2660.9599609375,NASDAQ,November,-6.930809064605825
2007-12-01,2652.280029296875,NASDAQ,December,-0.32619549967098926
2008-01-01,2389.860107421875,NASDAQ,January,-9.894125770142303
2008-02-01,2271.47998046875,NASDAQ,February,-4.953433323795286
2008-03-01,2279.10009765625,NASDAQ,March,0.33546926466538896
2008-04-01,2412.800048828125,NASDAQ,April,5.8663483586950615
2008-05-01,2522.659912109375,NASDAQ,May,4.5532104218336755
2008-06-01,2292.97998046875,NASDAQ,June,-9.104672831169436
2008-07-01,2325.550048828125,NASDAQ,July,1.4204253258555122
2008-08-01,2367.52001953125,NASDAQ,August,1.8047330662384287
2008-09-01,2091.8798828125,NASDAQ,September,-11.642568360343775
2008-10-01,1720.949951171875,NASDAQ,October,-17.7318943926128
2008-11-01,1535.5699462890625,NASDAQ,November,-10.771957938496623
2008-12-01,1577.030029296875,NASDAQ,December,2.6999801023722236
2009-01-01,1476.4200439453125,NASDAQ,January,-6.379712718369723
2009-02-01,1377.8399658203125,NASDAQ,February,-6.676966932904326
2009-03-01,1528.5899658203125,NASDAQ,March,10.941038418075589
2009-04-01,1717.300048828125,NASDAQ,April,12.345369734684986
2009-05-01,1774.3299560546875,NASDAQ,May,3.3209052352545676
2009-06-01,1835.0400390625,NASDAQ,June,3.4215779765565335
2009-07-01,1978.5,NASDAQ,July,7.817810940560843
2009-08-01,2009.06005859375,NASDAQ,August,1.544607459881231
2009-09-01,2122.419921875,NASDAQ,September,5.642432778271278
2009-10-01,2045.1099853515625,NASDAQ,October,-3.6425372626138874
2009-11-01,2144.60009765625,NASDAQ,November,4.864780526098933
2009-12-01,2269.14990234375,NASDAQ,December,5.807600439056948
2010-01-01,2147.35009765625,NASDAQ,January,-5.367640302727283
2010-02-01,2238.260009765625,NASDAQ,February,4.233585953617891
2010-03-01,2397.9599609375,NASDAQ,March,7.135004444304838
2010-04-01,2461.18994140625,NASDAQ,April,2.63682386273163
2010-05-01,2257.0400390625,NASDAQ,May,-8.294764207719163
2010-06-01,2109.239990234375,NASDAQ,June,-6.548401723946206
2010-07-01,2254.699951171875,NASDAQ,July,6.896321026102714
2010-08-01,2114.030029296875,NASDAQ,August,-6.238964160259419
2010-09-01,2368.6201171875,NASDAQ,September,12.042879446480793
2010-10-01,2507.409912109375,NASDAQ,October,5.859521073673646
2010-11-01,2498.22998046875,NASDAQ,November,-0.36611212216602906
2010-12-01,2652.8701171875,NASDAQ,December,6.189988028633553
2011-01-01,2700.080078125,NASDAQ,January,1.7795805618840754
2011-02-01,2782.27001953125,NASDAQ,February,3.0439816238089
2011-03-01,2781.070068359375,NASDAQ,March,-0.04312849448298017
2011-04-01,2873.5400390625,NASDAQ,April,3.3249780994434097
2011-05-01,2835.300048828125,NASDAQ,May,-1.3307623946263503
2011-06-01,2773.52001953125,NASDAQ,June,-2.1789591307068035
2011-07-01,2756.3798828125,NASDAQ,July,-0.617992175937021
2011-08-01,2579.4599609375,NASDAQ,August,-6.4185609167368485
2011-09-01,2415.39990234375,NASDAQ,September,-6.360248310817851
2011-10-01,2684.409912109375,NASDAQ,October,11.137286604367036
2011-11-01,2620.340087890625,NASDAQ,November,-2.38673773069199
2011-12-01,2605.14990234375,NASDAQ,December,-0.5797028262504278
2012-01-01,2813.840087890625,NASDAQ,January,8.010678593163668
2012-02-01,2966.889892578125,NASDAQ,February,5.439179196648403
2012-03-01,3091.570068359375,NASDAQ,March,4.20238634716934
2012-04-01,3046.360107421875,NASDAQ,April,-1.4623624869512297
2012-05-01,2827.340087890625,NASDAQ,May,-7.189564326215059
2012-06-01,2935.050048828125,NASDAQ,June,3.8095863104271377
2012-07-01,2939.52001953125,NASDAQ,July,0.1522962344342238
2012-08-01,3066.9599609375,NASDAQ,August,4.335399676120333
2012-09-01,3116.22998046875,NASDAQ,September,1.6064774290757144
2012-10-01,2977.22998046875,NASDAQ,October,-4.460518025665461
2012-11-01,3010.239990234375,NASDAQ,November,1.1087490715254722
2012-12-01,3019.510009765625,NASDAQ,December,0.3079495176903979
2013-01-01,3142.1298828125,NASDAQ,January,4.060919574709176
2013-02-01,3160.18994140625,NASDAQ,February,0.5747712305763875
2013-03-01,3267.52001953125,NASDAQ,March,3.3963173136751124
2013-04-01,3328.7900390625,NASDAQ,April,1.8751230035321864
2013-05-01,3455.909912109375,NASDAQ,May,3.818801172653008
2013-06-01,3403.25,NASDAQ,June,-1.5237640288265797
2013-07-01,3626.3701171875,NASDAQ,July,6.556089537574383
2013-08-01,3589.8701171875,NASDAQ,August,-1.0065161255053634
2013-09-01,3771.47998046875,NASDAQ,September,5.058953593104731
2013-10-01,3919.7099609375,NASDAQ,October,3.930286816750561
2013-11-01,4059.889892578125,NASDAQ,November,3.576283271915792
2013-12-01,4176.58984375,NASDAQ,December,2.8744609893291306
2014-01-01,4103.8798828125,NASDAQ,January,-1.7408930169742654
2014-02-01,4308.1201171875,NASDAQ,February,4.976759559420363
2014-03-01,4198.990234375,NASDAQ,March,-2.5331207079654083
2014-04-01,4114.56005859375,NASDAQ,April,-2.0107256999566947
2014-05-01,4242.6201171875,NASDAQ,May,3.1123633333843603
2014-06-01,4408.18017578125,NASDAQ,June,3.902306924040655
2014-07-01,4369.77001953125,NASDAQ,July,-0.8713381649195551
2014-08-01,4580.27001953125,NASDAQ,August,4.8171871530799715
2014-09-01,4493.39013671875,NASDAQ,September,-1.8968288428853675
2014-10-01,4630.740234375,NASDAQ,October,3.0567142731244834
2014-11-01,4791.6298828125,NASDAQ,November,3.4743829343563792
2014-12-01,4736.0498046875,NASDAQ,December,-1.1599409696555374
2015-01-01,4635.240234375,NASDAQ,January,-2.128558069907205
2015-02-01,4963.52978515625,NASDAQ,February,7.082471116527045
2015-03-01,4900.8798828125,NASDAQ,March,-1.2622046216204552
2015-04-01,4941.419921875,NASDAQ,April,0.8271991975292936
2015-05-01,5070.02978515625,NASDAQ,May,2.6026904273387386
2015-06-01,4986.8701171875,NASDAQ,June,-1.6402205015090932
2015-07-01,5128.27978515625,NASDAQ,July,2.8356396827215136
2015-08-01,4776.509765625,NASDAQ,August,-6.859415520764767
2015-09-01,4620.16015625,NASDAQ,September,-3.273302412154533
2015-10-01,5053.75,NASDAQ,October,9.38473622312539
2015-11-01,5108.669921875,NASDAQ,November,1.0867162379421202
2015-12-01,5007.41015625,NASDAQ,December,-1.9821160335963817
2016-01-01,4613.9501953125,NASDAQ,January,-7.857554078057749
2016-02-01,4557.9501953125,NASDAQ,February,-1.213710543665869
2016-03-01,4869.85009765625,NASDAQ,March,6.84298618849577
2016-04-01,4775.35986328125,NASDAQ,April,-1.9403109434616095
2016-05-01,4948.0498046875,NASDAQ,May,3.6162707387583426
2016-06-01,4842.669921875,NASDAQ,June,-2.129725588304898
2016-07-01,5162.1298828125,NASDAQ,July,6.596773393421995
2016-08-01,5213.22021484375,NASDAQ,August,0.9897141914494867
2016-09-01,5312.0,NASDAQ,September,1.8947940252934448
2016-10-01,5189.14013671875,NASDAQ,October,-2.312873932252446
2016-11-01,5323.68017578125,NASDAQ,November,2.592723177978651
2016-12-01,5383.1201171875,NASDAQ,December,1.1165197653431047
2017-01-01,5614.7900390625,NASDAQ,January,4.3036364939231575
2017-02-01,5825.43994140625,NASDAQ,February,3.751696873404775
2017-03-01,5911.740234375,NASDAQ,March,1.4814382061574705
2017-04-01,6047.60986328125,NASDAQ,April,2.298301743980713
2017-05-01,6198.52001953125,NASDAQ,May,2.4953685780273016
2017-06-01,6140.419921875,NASDAQ,June,-0.9373220941963467
2017-07-01,6348.1201171875,NASDAQ,July,3.3825080036069988
2017-08-01,6428.66015625,NASDAQ,August,1.268722670266409
2017-09-01,6495.9599609375,NASDAQ,September,1.0468714016881098
2017-10-01,6727.669921875,NASDAQ,October,3.5669856700295766
2017-11-01,6873.97021484375,NASDAQ,November,2.1746056906426947
2017-12-01,6903.39013671875,NASDAQ,December,0.42799024370909766
2018-01-01,7411.47998046875,NASDAQ,January,7.3600047757332865
2018-02-01,7273.009765625,NASDAQ,February,-1.8683207025945725
2018-03-01,7063.4501953125,NASDAQ,March,-2.8813321728640817
2018-04-01,7066.27001953125,NASDAQ,April,0.0399213435471113
2018-05-01,7442.1201171875,NASDAQ,May,5.318932005391752
2018-06-01,7510.2998046875,NASDAQ,June,0.9161325862309111
2018-07-01,7671.7900390625,NASDAQ,July,2.1502501707615806
2018-08-01,8109.5400390625,NASDAQ,August,5.705969503481012
2018-09-01,8046.35009765625,NASDAQ,September,-0.7792049993202155
2018-10-01,7305.89990234375,NASDAQ,October,-9.202311437184163
2018-11-01,7330.5400390625,NASDAQ,November,0.33726354108472023
2018-12-01,6635.27978515625,NASDAQ,December,-9.4844343009027
2019-01-01,7281.740234375,NASDAQ,January,9.742776041862511
2019-02-01,7532.52978515625,NASDAQ,February,3.4440881260408673
2019-03-01,7729.31982421875,NASDAQ,March,2.6125358236259277
2019-04-01,8095.39013671875,NASDAQ,April,4.736125827695337
2019-05-01,7453.14990234375,NASDAQ,May,-7.933406834365552
2019-06-01,8006.240234375,NASDAQ,June,7.420893706395515
2019-07-01,8175.419921875,NASDAQ,July,2.113097815546716
2019-08-01,7962.8798828125,NASDAQ,August,-2.5997446136534985
2019-09-01,7999.33984375,NASDAQ,September,0.4578740540366111
2019-10-01,8292.3603515625,NASDAQ,October,3.663058621536641
2019-11-01,8665.4697265625,NASDAQ,November,4.499435132841234
2019-12-01,8972.599609375,NASDAQ,December,3.5442958374321654
2020-01-01,9150.9404296875,NASDAQ,January,1.9876159427214546
2020-02-01,8567.3701171875,NASDAQ,February,-6.377162183318119
2020-03-01,7700.10009765625,NASDAQ,March,-10.122943303118992
2020-04-01,8889.5498046875,NASDAQ,April,15.447197983741724
2020-05-01,9489.8701171875,NASDAQ,May,6.753101402091799
2020-06-01,10058.76953125,NASDAQ,June,5.994807168457905
2020-07-01,10745.26953125,NASDAQ,July,6.8248904388078735
2020-08-01,11775.4599609375,NASDAQ,August,9.587385655533742
2020-09-01,11167.509765625,NASDAQ,September,-5.162857309432001
2020-10-01,10911.58984375,NASDAQ,October,-2.291647173327338
2020-11-01,12198.740234375,NASDAQ,November,11.796176442264827
2020-12-01,12888.2802734375,NASDAQ,December,5.6525512127837185
2021-01-01,13070.6904296875,NASDAQ,January,1.415318043835101
2021-02-01,13192.349609375,NASDAQ,February,0.9307785257554269
2021-03-01,13246.8701171875,NASDAQ,March,0.413273673203407
2021-04-01,13962.6796875,NASDAQ,April,5.403612808007785
2021-05-01,13748.740234375,NASDAQ,May,-1.532223455047299
2021-06-01,14503.9501953125,NASDAQ,June,5.492939338902492
2021-07-01,14672.6796875,NASDAQ,July,1.1633347461578625
2021-08-01,15259.240234375,NASDAQ,August,3.9976375097638517
2021-09-01,14448.580078125,NASDAQ,September,-5.312585317477336
2021-10-01,15498.3896484375,NASDAQ,October,7.265832106934167
2021-11-01,15537.6904296875,NASDAQ,November,0.25357977274731436
2021-12-01,15644.9697265625,NASDAQ,December,0.6904455804449761
2022-01-01,14239.8798828125,NASDAQ,January,-8.981096597230199
2022-02-01,13751.400390625,NASDAQ,February,-3.4303624483314143
2022-03-01,14220.51953125,NASDAQ,March,3.4114281258570633
2022-04-01,12334.6396484375,NASDAQ,April,-13.26168062051618
2022-05-01,12081.3896484375,NASDAQ,May,-2.0531609128287776
2022-06-01,11028.740234375,NASDAQ,June,-8.712982899269706
2022-07-01,12390.6904296875,NASDAQ,July,12.349100317618289
2022-08-01,11816.2001953125,NASDAQ,August,-4.63646668952804
2022-09-01,10575.6201171875,NASDAQ,September,-10.498976469754972
2022-10-01,10988.150390625,NASDAQ,October,3.9007667528361267
2022-11-01,11468.0,NASDAQ,November,4.366973442449451
2022-12-01,10466.48046875,NASDAQ,December,-8.73316647410185
2023-01-01,11584.5498046875,NASDAQ,January,10.682381143076158
2023-02-01,11455.5400390625,NASDAQ,February,-1.1136364191968728
2023-03-01,12221.91015625,NASDAQ,March,6.6899518885555675
2023-04-01,12226.580078125,NASDAQ,April,0.038209427293267595
2023-05-01,12935.2900390625,NASDAQ,May,5.79646930220068
2023-06-01,13787.919921875,NASDAQ,June,6.591501854521198
2023-07-01,14346.01953125,NASDAQ,July,4.047743332839904
2023-08-01,14034.9697265625,NASDAQ,August,-2.168195881860735
2023-09-01,13219.3203125,NASDAQ,September,-5.811550932801845
2023-10-01,12851.240234375,NASDAQ,October,-2.784410010679206
2023-11-01,14226.2197265625,NASDAQ,November,10.69919686435905
2023-12-01,15011.349609375,NASDAQ,December,5.518893268227432
2024-01-01,15164.009765625,NASDAQ,January,1.0169648980439483
2024-02-01,16091.919921875,NASDAQ,February,6.119160898679055
2024-03-01,16379.4599609375,NASDAQ,March,1.786859743638325
2024-04-01,15657.8203125,NASDAQ,April,-4.405759714657864
2024-05-01,16735.01953125,NASDAQ,May,6.879624349054803
2024-06-01,17732.599609375,NASDAQ,June,5.9610332468520655
2024-07-01,17599.400390625,NASDAQ,July,-0.7511544933297865
2024-08-01,17713.619140625,NASDAQ,August,0.648992280787275
2024-09-01,18189.169921875,NASDAQ,September,2.6846618834620584
2024-10-01,18521.931640625,NASDAQ,October,1.8294497229904172
1992-03-01,3235.5,Dow Jones,March,-0.9854010971945937
1992-04-01,3359.10009765625,Dow Jones,April,3.820123556057786
1992-05-01,3396.89990234375,Dow Jones,May,1.1252955728789926
1992-06-01,3318.5,Dow Jones,June,-2.30798388523773
1992-07-01,3393.800048828125,Dow Jones,July,2.2690989551943597
1992-08-01,3257.39990234375,Dow Jones,August,-4.019097899756163
1992-09-01,3271.699951171875,Dow Jones,September,0.4390019419425961
1992-10-01,3226.300048828125,Dow Jones,October,-1.3876548284169066
1992-11-01,3305.199951171875,Dow Jones,November,2.445522770655151
1992-12-01,3301.110107421875,Dow Jones,December,-0.12373967718806167
1993-01-01,3310.0,Dow Jones,January,0.2693000926608846
1993-02-01,3370.81005859375,Dow Jones,February,1.8371618910498544
1993-03-01,3435.110107421875,Dow Jones,March,1.9075547927773107
1993-04-01,3427.550048828125,Dow Jones,April,-0.22008198739876805
1993-05-01,3527.429931640625,Dow Jones,May,2.9140313457027167
1993-06-01,3516.080078125,Dow Jones,June,-0.32175985733460255
1993-07-01,3539.469970703125,Dow Jones,July,0.6652263901395061
1993-08-01,3651.25,Dow Jones,August,3.1581007953761286
1993-09-01,3555.1201171875,Dow Jones,September,-2.6327937778158117
1993-10-01,3680.590087890625,Dow Jones,October,3.5292751459094385
1993-11-01,3683.949951171875,Dow Jones,November,0.09128599493608558
1993-12-01,3754.090087890625,Dow Jones,December,1.9039383718130631
1994-01-01,3978.360107421875,Dow Jones,January,5.974018051795471
1994-02-01,3832.02001953125,Dow Jones,February,-3.6784022546782147
1994-03-01,3635.9599609375,Dow Jones,March,-5.11636310860748
1994-04-01,3681.68994140625,Dow Jones,April,1.2577140826643962
1994-05-01,3758.3701171875,Dow Jones,May,2.082743984463864
1994-06-01,3624.9599609375,Dow Jones,June,-3.549681167373553
1994-07-01,3764.5,Dow Jones,July,3.8494229058025686
1994-08-01,3913.419921875,Dow Jones,August,3.955901763182368
1994-09-01,3843.18994140625,Dow Jones,September,-1.794593523587451
1994-10-01,3908.1201171875,Dow Jones,October,1.68948651435874
1994-11-01,3739.22998046875,Dow Jones,November,-4.3215185729831855
1994-12-01,3834.43994140625,Dow Jones,December,2.5462451209156356
1995-01-01,3843.860107421875,Dow Jones,January,0.24567254043807996
1995-02-01,4011.050048828125,Dow Jones,February,4.349532416214452
1995-03-01,4157.68994140625,Dow Jones,March,3.655897852009282
1995-04-01,4321.27001953125,Dow Jones,April,3.9343981978048337
1995-05-01,4465.14013671875,Dow Jones,May,3.3293480050364144
1995-06-01,4556.10009765625,Dow Jones,June,2.037113240623678
1995-07-01,4708.47021484375,Dow Jones,July,3.3443101319455604
1995-08-01,4610.56005859375,Dow Jones,August,-2.079447289298597
1995-09-01,4789.080078125,Dow Jones,September,3.871981218388032
1995-10-01,4755.47998046875,Dow Jones,October,-0.701598158897454
1995-11-01,5074.490234375,Dow Jones,November,6.708266152238229
1995-12-01,5117.1201171875,Dow Jones,December,0.8400820741307546
1996-01-01,5395.2998046875,Dow Jones,January,5.43625479037797
1996-02-01,5485.6201171875,Dow Jones,February,1.6740554884740355
1996-03-01,5587.14013671875,Dow Jones,March,1.8506571246734493
1996-04-01,5569.080078125,Dow Jones,April,-0.3232433436752169
1996-05-01,5643.18017578125,Dow Jones,May,1.3305626174655139
1996-06-01,5654.6298828125,Dow Jones,June,0.20289458558115925
1996-07-01,5528.91015625,Dow Jones,July,-2.2233060194555065
1996-08-01,5616.2099609375,Dow Jones,August,1.5789694934509768
1996-09-01,5882.169921875,Dow Jones,September,4.735577244927369
1996-10-01,6029.3798828125,Dow Jones,October,2.5026472015037493
1996-11-01,6521.7001953125,Dow Jones,November,8.165355676185214
1996-12-01,6448.27001953125,Dow Jones,December,-1.1259360838762333
1997-01-01,6813.08984375,Dow Jones,January,5.657638763788464
1997-02-01,6877.740234375,Dow Jones,February,0.9489144001866734
1997-03-01,6583.47998046875,Dow Jones,March,-4.278443847523272
1997-04-01,7009.0,Dow Jones,April,6.463451256685571
1997-05-01,7331.0,Dow Jones,May,4.594093308603231
1997-06-01,7672.7998046875,Dow Jones,June,4.662389915257137
1997-07-01,8222.599609375,Dow Jones,July,7.165569527196758
1997-08-01,7622.39990234375,Dow Jones,August,-7.299391135948441
1997-09-01,7945.2998046875,Dow Jones,September,4.236197345726556
1997-10-01,7442.10009765625,Dow Jones,October,-6.333300434231271
1997-11-01,7823.10009765625,Dow Jones,November,5.1195226481835165
1997-12-01,7908.2998046875,Dow Jones,December,1.0890785745765408
1998-01-01,7906.5,Dow Jones,January,-0.022758427626035083
1998-02-01,8545.7197265625,Dow Jones,February,8.08473694507683
1998-03-01,8799.8095703125,Dow Jones,March,2.9732995216332325
1998-04-01,9063.3701171875,Dow Jones,April,2.9950710270385983
1998-05-01,8899.9501953125,Dow Jones,May,-1.8030811912347677
1998-06-01,8952.01953125,Dow Jones,June,0.5850519923687347
1998-07-01,8883.2900390625,Dow Jones,July,-0.7677540464202215
1998-08-01,7539.06982421875,Dow Jones,August,-15.132008624426419
1998-09-01,7842.6201171875,Dow Jones,September,4.026362668689121
1998-10-01,8592.099609375,Dow Jones,October,9.556493633358286
1998-11-01,9116.5498046875,Dow Jones,November,6.1038654014236915
1998-12-01,9181.4296875,Dow Jones,December,0.7116714568831783
1999-01-01,9358.830078125,Dow Jones,January,1.932165214601822
1999-02-01,9306.580078125,Dow Jones,February,-0.5582962781013334
1999-03-01,9786.16015625,Dow Jones,March,5.153129013011415
1999-04-01,10789.0400390625,Dow Jones,April,10.247940630442297
1999-05-01,10559.740234375,Dow Jones,May,-2.1253031211053375
1999-06-01,10970.7998046875,Dow Jones,June,3.8927053240796816
1999-07-01,10655.150390625,Dow Jones,July,-2.877177778119988
1999-08-01,10829.2802734375,Dow Jones,August,1.6342320514378672
1999-09-01,10336.9501953125,Dow Jones,September,-4.5462862322679705
1999-10-01,10729.8603515625,Dow Jones,October,3.8010259198905105
1999-11-01,10877.8095703125,Dow Jones,November,1.3788550260903865
1999-12-01,11497.1201171875,Dow Jones,December,5.693338745009924
2000-01-01,10940.5302734375,Dow Jones,January,-4.841124021292353
2000-02-01,10128.3095703125,Dow Jones,February,-7.423961022227498
2000-03-01,10921.919921875,Dow Jones,March,7.83556570870112
2000-04-01,10733.91015625,Dow Jones,April,-1.7213984992551001
2000-05-01,10522.330078125,Dow Jones,May,-1.9711370324988597
2000-06-01,10447.8896484375,Dow Jones,June,-0.7074519534628121
2000-07-01,10521.98046875,Dow Jones,July,0.7091462755215883
2000-08-01,11215.099609375,Dow Jones,August,6.587344869946721
2000-09-01,10650.919921875,Dow Jones,September,-5.030536572572098
2000-10-01,10971.1396484375,Dow Jones,October,3.0064983016615088
2000-11-01,10414.490234375,Dow Jones,November,-5.0737610849915455
2000-12-01,10787.990234375,Dow Jones,December,3.586349322861637
2001-01-01,10887.3603515625,Dow Jones,January,0.92111797497616
2001-02-01,10495.2802734375,Dow Jones,February,-3.6012409387067845
2001-03-01,9878.7802734375,Dow Jones,March,-5.874068952310873
2001-04-01,10734.9697265625,Dow Jones,April,8.666955124279463
2001-05-01,10911.9404296875,Dow Jones,May,1.6485440353604774
2001-06-01,10502.400390625,Dow Jones,June,-3.7531366827139867
2001-07-01,10522.8095703125,Dow Jones,July,0.19432871465954182
2001-08-01,9949.75,Dow Jones,August,-5.445879890568827
2001-09-01,8847.5595703125,Dow Jones,September,-11.077569081509587
2001-10-01,9075.1396484375,Dow Jones,October,2.5722356127291013
2001-11-01,9851.5595703125,Dow Jones,November,8.555459772001184
2001-12-01,10021.5703125,Dow Jones,December,1.7257241452391492
2002-01-01,9920.0,Dow Jones,January,-1.0135169372938568
2002-02-01,10106.1298828125,Dow Jones,February,1.8763093025453648
2002-03-01,10403.9404296875,Dow Jones,March,2.9468307881287625
2002-04-01,9946.2197265625,Dow Jones,April,-4.399493693936385
2002-05-01,9925.25,Dow Jones,May,-0.21083112115950486
2002-06-01,9243.259765625,Dow Jones,June,-6.871265049998742
2002-07-01,8736.58984375,Dow Jones,July,-5.481506900403987
2002-08-01,8663.5,Dow Jones,August,-0.8365946560062842
2002-09-01,7591.93017578125,Dow Jones,September,-12.368786566846534
2002-10-01,8397.0302734375,Dow Jones,October,10.604682590793214
2002-11-01,8896.08984375,Dow Jones,November,5.943286543710413
2002-12-01,8341.6298828125,Dow Jones,December,-6.232625464400399
2003-01-01,8053.81005859375,Dow Jones,January,-3.450402718200052
2003-02-01,7891.080078125,Dow Jones,February,-2.0205341234129315
2003-03-01,7992.1298828125,Dow Jones,March,1.280557334193344
2003-04-01,8480.08984375,Dow Jones,April,6.105505892576701
2003-05-01,8850.259765625,Dow Jones,May,4.365165094893686
2003-06-01,8985.4404296875,Dow Jones,June,1.527420297735782
2003-07-01,9233.7998046875,Dow Jones,July,2.7640200493615374
2003-08-01,9415.8203125,Dow Jones,August,1.9712416520022202
2003-09-01,9275.0595703125,Dow Jones,September,-1.494938704391291
2003-10-01,9801.1201171875,Dow Jones,October,5.671775398174361
2003-11-01,9782.4599609375,Dow Jones,November,-0.19038799674822027
2003-12-01,10453.919921875,Dow Jones,December,6.8639172929786385
2004-01-01,10488.0703125,Dow Jones,January,0.32667545648155105
2004-02-01,10583.919921875,Dow Jones,February,0.9138917505230992
2004-03-01,10357.7001953125,Dow Jones,March,-2.1373907610066634
2004-04-01,10225.5703125,Dow Jones,April,-1.2756681533637848
2004-05-01,10188.4501953125,Dow Jones,May,-0.3630126834307079
2004-06-01,10435.48046875,Dow Jones,June,2.4246108947085343
2004-07-01,10139.7099609375,Dow Jones,July,-2.834277814981412
2004-08-01,10173.919921875,Dow Jones,August,0.33738599101247324
2004-09-01,10080.26953125,Dow Jones,September,-0.9204946701383165
2004-10-01,10027.4697265625,Dow Jones,October,-0.5237935803582894
2004-11-01,10428.01953125,Dow Jones,November,3.994525195388565
2004-12-01,10783.009765625,Dow Jones,December,3.4041961017735822
2005-01-01,10489.9404296875,Dow Jones,January,-2.717880650277915
2005-02-01,10766.23046875,Dow Jones,February,2.6338570835023445
2005-03-01,10503.759765625,Dow Jones,March,-2.437907156890673
2005-04-01,10192.509765625,Dow Jones,April,-2.9632246637876114
2005-05-01,10467.48046875,Dow Jones,May,2.697772280310784
2005-06-01,10274.9697265625,Dow Jones,June,-1.8391316111095568
2005-07-01,10640.91015625,Dow Jones,July,3.5614745291315364
2005-08-01,10481.599609375,Dow Jones,August,-1.4971515080542952
2005-09-01,10568.7001953125,Dow Jones,September,0.8309856241750957
2005-10-01,10440.0703125,Dow Jones,October,-1.2170832783160113
2005-11-01,10805.8701171875,Dow Jones,November,3.503805948984118
2005-12-01,10717.5,Dow Jones,December,-0.8177973289438367
2006-01-01,10864.8603515625,Dow Jones,January,1.3749507960111984
2006-02-01,10993.41015625,Dow Jones,February,1.1831703356317336
2006-03-01,11109.3203125,Dow Jones,March,1.054360335897253
2006-04-01,11367.1396484375,Dow Jones,April,2.3207480627541743
2006-05-01,11168.3095703125,Dow Jones,May,-1.7491654389266809
2006-06-01,11150.2197265625,Dow Jones,June,-0.16197477009489702
2006-07-01,11185.6796875,Dow Jones,July,0.31802028845249186
2006-08-01,11381.150390625,Dow Jones,August,1.74750849824028
2006-09-01,11679.0703125,Dow Jones,September,2.6176608835641657
2006-10-01,12080.73046875,Dow Jones,October,3.4391449447830347
2006-11-01,12221.9296875,Dow Jones,November,1.1687970285840565
2006-12-01,12463.150390625,Dow Jones,December,1.9736711738058021
2007-01-01,12621.6904296875,Dow Jones,January,1.2720703360986185
2007-02-01,12268.6298828125,Dow Jones,February,-2.797252466631295
2007-03-01,12354.349609375,Dow Jones,March,0.6986902969710274
2007-04-01,13062.91015625,Dow Jones,April,5.735312414482063
2007-05-01,13627.6396484375,Dow Jones,May,4.323152233557259
2007-06-01,13408.6201171875,Dow Jones,June,-1.6071714317388186
2007-07-01,13211.990234375,Dow Jones,July,-1.4664438331014717
2007-08-01,13357.740234375,Dow Jones,August,1.1031646058955458
2007-09-01,13895.6298828125,Dow Jones,September,4.026801232840915
2007-10-01,13930.009765625,Dow Jones,October,0.24741507295775733
2007-11-01,13371.7197265625,Dow Jones,November,-4.007822309214659
2007-12-01,13264.8203125,Dow Jones,December,-0.799444022522755
2008-01-01,12650.3603515625,Dow Jones,January,-4.6322524275618555
2008-02-01,12266.3896484375,Dow Jones,February,-3.0352550635253217
2008-03-01,12262.8896484375,Dow Jones,March,-0.028533253062323904
2008-04-01,12820.1298828125,Dow Jones,April,4.5441184773769905
2008-05-01,12638.3203125,Dow Jones,May,-1.4181570075685879
2008-06-01,11350.009765625,Dow Jones,June,-10.19368488074155
2008-07-01,11378.01953125,Dow Jones,July,0.24678186365822974
2008-08-01,11543.9599609375,Dow Jones,August,1.4584298192821699
2008-09-01,10850.66015625,Dow Jones,September,-6.005736394040618
2008-10-01,9325.009765625,Dow Jones,October,-14.060438430985444
2008-11-01,8829.0400390625,Dow Jones,November,-5.318704634399474
2008-12-01,8776.3896484375,Dow Jones,December,-0.5963319952345669
2009-01-01,8000.85986328125,Dow Jones,January,-8.83654687430977
2009-02-01,7062.93017578125,Dow Jones,February,-11.72286108652506
2009-03-01,7608.919921875,Dow Jones,March,7.730357408401778
2009-04-01,8168.1201171875,Dow Jones,April,7.349271658186951
2009-05-01,8500.330078125,Dow Jones,May,4.067153227074338
2009-06-01,8447.0,Dow Jones,June,-0.627388320628175
2009-07-01,9171.6103515625,Dow Jones,July,8.57831598866461
2009-08-01,9496.2802734375,Dow Jones,August,3.539944561858621
2009-09-01,9712.2802734375,Dow Jones,September,2.27457482067146
2009-10-01,9712.73046875,Dow Jones,October,0.004635320437884616
2009-11-01,10344.83984375,Dow Jones,November,6.508050203120175
2009-12-01,10428.0498046875,Dow Jones,December,0.8043620026439768
2010-01-01,10067.330078125,Dow Jones,January,-3.459129303355968
2010-02-01,10325.259765625,Dow Jones,February,2.5620465952581384
2010-03-01,10856.6298828125,Dow Jones,March,5.146312337405257
2010-04-01,11008.6103515625,Dow Jones,April,1.3998862482233587
2010-05-01,10136.6298828125,Dow Jones,May,-7.92089501674692
2010-06-01,9774.01953125,Dow Jones,June,-3.5772278928456913
2010-07-01,10465.9404296875,Dow Jones,July,7.079184732803689
2010-08-01,10014.7197265625,Dow Jones,August,-4.311324970330189
2010-09-01,10788.0498046875,Dow Jones,September,7.7219343050995315
2010-10-01,11118.490234375,Dow Jones,October,3.063022841662466
2010-11-01,11006.01953125,Dow Jones,November,-1.0115645267850693
2010-12-01,11577.509765625,Dow Jones,December,5.192524261403819
2011-01-01,11891.9296875,Dow Jones,January,2.715781962098185
2011-02-01,12226.33984375,Dow Jones,February,2.8120764672995735
2011-03-01,12319.73046875,Dow Jones,March,0.7638477761416018
2011-04-01,12810.5400390625,Dow Jones,April,3.9839310734717692
2011-05-01,12569.7900390625,Dow Jones,May,-1.8793118733940517
2011-06-01,12414.33984375,Dow Jones,June,-1.2366968328779926
2011-07-01,12143.240234375,Dow Jones,July,-2.1837617850576696
2011-08-01,11613.5302734375,Dow Jones,August,-4.362179704211078
2011-09-01,10913.3798828125,Dow Jones,September,-6.028747281318802
2011-10-01,11955.009765625,Dow Jones,October,9.544521440630538
2011-11-01,12045.6796875,Dow Jones,November,0.7584261631948586
2011-12-01,12217.5595703125,Dow Jones,December,1.42690065875537
2012-01-01,12632.91015625,Dow Jones,January,3.39961989583224
2012-02-01,12952.0703125,Dow Jones,February,2.526418317730994
2012-03-01,13212.0400390625,Dow Jones,March,2.0071673507794596
2012-04-01,13213.6298828125,Dow Jones,April,0.012033294974123088
2012-05-01,12393.4501953125,Dow Jones,May,-6.207073262789365
2012-06-01,12880.08984375,Dow Jones,June,3.9265873567762233
2012-07-01,13008.6796875,Dow Jones,July,0.9983613880798936
2012-08-01,13090.83984375,Dow Jones,August,0.6315795163205351
2012-09-01,13437.1298828125,Dow Jones,September,2.645285124527974
2012-10-01,13096.4599609375,Dow Jones,October,-2.5352878542221458
2012-11-01,13025.580078125,Dow Jones,November,-0.5412140610814853
2012-12-01,13104.1396484375,Dow Jones,December,0.603117633466721
2013-01-01,13860.580078125,Dow Jones,January,5.772530284181587
2013-02-01,14054.490234375,Dow Jones,February,1.399004624316058
2013-03-01,14578.5400390625,Dow Jones,March,3.7287001943746123
2013-04-01,14839.7998046875,Dow Jones,April,1.7920845635088778
2013-05-01,15115.5703125,Dow Jones,May,1.85831690078051
2013-06-01,14909.599609375,Dow Jones,June,-1.362639310768643
2013-07-01,15499.5400390625,Dow Jones,July,3.95678251021947
2013-08-01,14810.3095703125,Dow Jones,August,-4.446780143236362
2013-09-01,15129.669921875,Dow Jones,September,2.1563381241041846
2013-10-01,15545.75,Dow Jones,October,2.750093559697664
2013-11-01,16086.41015625,Dow Jones,November,3.477864729910096
2013-12-01,16576.66015625,Dow Jones,December,3.047603506550689
2014-01-01,15698.849609375,Dow Jones,January,-5.295460838316302
2014-02-01,16321.7099609375,Dow Jones,February,3.9675541014835947
2014-03-01,16457.66015625,Dow Jones,March,0.8329408844898412
2014-04-01,16580.83984375,Dow Jones,April,0.7484641579089901
2014-05-01,16717.169921875,Dow Jones,May,0.822214552517897
2014-06-01,16826.599609375,Dow Jones,June,0.6545945755854765
2014-07-01,16563.30078125,Dow Jones,July,-1.5647774014798665
2014-08-01,17098.44921875,Dow Jones,August,3.230928693306101
2014-09-01,17042.900390625,Dow Jones,September,-0.3248764108038871
2014-10-01,17390.51953125,Dow Jones,October,2.0396712569899167
2014-11-01,17828.240234375,Dow Jones,November,2.5170076278539844
2014-12-01,17823.0703125,Dow Jones,December,-0.028998497928200972
2015-01-01,17164.94921875,Dow Jones,January,-3.692523690985128
2015-02-01,18132.69921875,Dow Jones,February,5.637942691626985
2015-03-01,17776.119140625,Dow Jones,March,-1.9665030220998747
2015-04-01,17840.51953125,Dow Jones,April,0.3622859979477866
2015-05-01,18010.6796875,Dow Jones,May,0.9537847591934989
2015-06-01,17619.509765625,Dow Jones,June,-2.171877622955476
2015-07-01,17689.859375,Dow Jones,July,0.39927109386579396
2015-08-01,16528.029296875,Dow Jones,August,-6.567774528309389
2015-09-01,16284.7001953125,Dow Jones,September,-1.4722208993694585
2015-10-01,17663.5390625,Dow Jones,October,8.467081681886878
2015-11-01,17719.919921875,Dow Jones,November,0.3191934480146097
2015-12-01,17425.029296875,Dow Jones,December,-1.6641758331873757
2016-01-01,16466.30078125,Dow Jones,January,-5.502019533458913
2016-02-01,16516.5,Dow Jones,February,0.30486032908594307
2016-03-01,17685.08984375,Dow Jones,March,7.075287401991948
2016-04-01,17773.640625,Dow Jones,April,0.5007086875574718
2016-05-01,17787.19921875,Dow Jones,May,0.07628484245894018
2016-06-01,17929.990234375,Dow Jones,June,0.8027740279339834
2016-07-01,18432.240234375,Dow Jones,July,2.801172747083247
2016-08-01,18400.880859375,Dow Jones,August,-0.17013328060643262
2016-09-01,18308.150390625,Dow Jones,September,-0.5039458135655206
2016-10-01,18142.419921875,Dow Jones,October,-0.9052278095490474
2016-11-01,19123.580078125,Dow Jones,November,5.408099693839508
2016-12-01,19762.599609375,Dow Jones,December,3.3415266840174818
2017-01-01,19864.08984375,Dow Jones,January,0.5135469846125673
2017-02-01,20812.240234375,Dow Jones,February,4.773188190765887
2017-03-01,20663.220703125,Dow Jones,March,-0.7160186965546766
2017-04-01,20940.509765625,Dow Jones,April,1.341945026304936
2017-05-01,21008.650390625,Dow Jones,May,0.3254009848024708
2017-06-01,21349.630859375,Dow Jones,June,1.6230479464885539
2017-07-01,21891.119140625,Dow Jones,July,2.5362887293773673
2017-08-01,21948.099609375,Dow Jones,August,0.2602903414118174
2017-09-01,22405.08984375,Dow Jones,September,2.0821403333699084
2017-10-01,23377.240234375,Dow Jones,October,4.338971177552264
2017-11-01,24272.349609375,Dow Jones,November,3.8289779547364677
2017-12-01,24719.220703125,Dow Jones,December,1.8410706047897296
2018-01-01,26149.390625,Dow Jones,January,5.785659422888667
2018-02-01,25029.19921875,Dow Jones,February,-4.283814572638822
2018-03-01,24103.109375,Dow Jones,March,-3.7000378464215666
2018-04-01,24163.150390625,Dow Jones,April,0.24910070601626977
2018-05-01,24415.83984375,Dow Jones,May,1.0457636899162015
2018-06-01,24271.41015625,Dow Jones,June,-0.5915409358198676
2018-07-01,25415.189453125,Dow Jones,July,4.712455063433851
2018-08-01,25964.8203125,Dow Jones,August,2.162607760169255
2018-09-01,26458.310546875,Dow Jones,September,1.900611013038378
2018-10-01,25115.759765625,Dow Jones,October,-5.074212047180648
2018-11-01,25538.4609375,Dow Jones,November,1.6830116859675393
2018-12-01,23327.4609375,Dow Jones,December,-8.657530324207697
2019-01-01,24999.669921875,Dow Jones,January,7.168414037238158
2019-02-01,25916.0,Dow Jones,February,3.665368706821215
2019-03-01,25928.6796875,Dow Jones,March,0.04892609777742418
2019-04-01,26592.91015625,Dow Jones,April,2.561759706840072
2019-05-01,24815.0390625,Dow Jones,May,-6.685507841390404
2019-06-01,26599.9609375,Dow Jones,June,7.192903748829238
2019-07-01,26864.26953125,Dow Jones,July,0.9936427890665955
2019-08-01,26403.279296875,Dow Jones,August,-1.7159976519694697
2019-09-01,26916.830078125,Dow Jones,September,1.9450265077898266
2019-10-01,27046.23046875,Dow Jones,October,0.48074156670536716
2019-11-01,28051.41015625,Dow Jones,November,3.716524151716505
2019-12-01,28538.439453125,Dow Jones,December,1.7362025444075169
2020-01-01,28256.029296875,Dow Jones,January,-0.9895781327281972
2020-02-01,25409.359375,Dow Jones,February,-10.074557511128535
2020-03-01,21917.16015625,Dow Jones,March,-13.743751533483906
2020-04-01,24345.720703125,Dow Jones,April,11.080635125908223
2020-05-01,25383.109375,Dow Jones,May,4.261071933441851
2020-06-01,25812.880859375,Dow Jones,June,1.6931396308691893
2020-07-01,26428.3203125,Dow Jones,July,2.384233888800824
2020-08-01,28430.05078125,Dow Jones,August,7.5741872547353095
2020-09-01,27781.69921875,Dow Jones,September,-2.280514964565583
2020-10-01,26501.599609375,Dow Jones,October,-4.607708114955955
2020-11-01,29638.640625,Dow Jones,November,11.837176102061653
2020-12-01,30606.48046875,Dow Jones,December,3.265466375450554
2021-01-01,29982.619140625,Dow Jones,January,-2.038330832458757
2021-02-01,30932.369140625,Dow Jones,February,3.1676685600596333
2021-03-01,32981.55078125,Dow Jones,March,6.62471610664217
2021-04-01,33874.8515625,Dow Jones,April,2.7084862903349105
2021-05-01,34529.44921875,Dow Jones,May,1.9324000727863
2021-06-01,34502.51171875,Dow Jones,June,-0.07801311810491374
2021-07-01,34935.46875,Dow Jones,July,1.2548565587899407
2021-08-01,35360.73046875,Dow Jones,August,1.2172778381569493
2021-09-01,33843.921875,Dow Jones,September,-4.2895284504670395
2021-10-01,35819.55859375,Dow Jones,October,5.837493438398966
2021-11-01,34483.71875,Dow Jones,November,-3.72935875313406
2021-12-01,36338.30078125,Dow Jones,December,5.378138143091071
2022-01-01,35131.859375,Dow Jones,January,-3.3200270246882435
2022-02-01,33892.6015625,Dow Jones,February,-3.527447264524408
2022-03-01,34678.3515625,Dow Jones,March,2.318352571876292
2022-04-01,32977.2109375,Dow Jones,April,-4.905482955076668
2022-05-01,32990.12109375,Dow Jones,May,0.039148720837767215
2022-06-01,30775.4296875,Dow Jones,June,-6.713195747164368
2022-07-01,32845.12890625,Dow Jones,July,6.7251675761025975
2022-08-01,31510.4296875,Dow Jones,August,-4.063613884907069
2022-09-01,28725.509765625,Dow Jones,September,-8.838089323103581
2022-10-01,32732.94921875,Dow Jones,October,13.950803609134166
2022-11-01,34589.76953125,Dow Jones,November,5.672633712566233
2022-12-01,33147.25,Dow Jones,December,-4.1703646794950755
2023-01-01,34086.0390625,Dow Jones,January,2.83217782018117
2023-02-01,32656.69921875,Dow Jones,February,-4.193329242887889
2023-03-01,33274.1484375,Dow Jones,March,1.8907275797043432
2023-04-01,34098.16015625,Dow Jones,April,2.4764321776642007
2023-05-01,32908.26953125,Dow Jones,May,-3.4896036019172127
2023-06-01,34407.6015625,Dow Jones,June,4.55609502598191
2023-07-01,35559.53125,Dow Jones,July,3.347893009652436
2023-08-01,34721.91015625,Dow Jones,August,-2.3555459374903887
2023-09-01,33507.5,Dow Jones,September,-3.497532684075
2023-10-01,33052.87109375,Dow Jones,October,-1.3567974520629744
2023-11-01,35950.890625,Dow Jones,November,8.767829950475893
2023-12-01,37689.5390625,Dow Jones,December,4.836176259541558
2024-01-01,38150.30078125,Dow Jones,January,1.2225188479644933
2024-02-01,38996.390625,Dow Jones,February,2.217780270203873
2024-03-01,39807.37109375,Dow Jones,March,2.0796295650759244
2024-04-01,37815.921875,Dow Jones,April,-5.002714733560165
2024-05-01,38686.3203125,Dow Jones,May,2.3016718734957475
2024-06-01,39118.859375,Dow Jones,June,1.118067210853968
2024-07-01,40842.7890625,Dow Jones,July,4.406901722195222
2024-08-01,41563.078125,Dow Jones,August,1.7635648275581062
2024-09-01,42330.1484375,Dow Jones,September,1.845557035484835
2024-10-01,43094.98046875,Dow Jones,October,1.8068257718946157
